-- Sync: YouTube media + comments + seed reviews for new 40 lots
INSERT OR IGNORE INTO parking_media (parking_lot_id,media_type,url,title,thumbnail_url,description,created_at) VALUES ('138-4-000066','youtube','https://www.youtube.com/watch?v=ndQ8HHaVAGc','한국인 99% 모르는 무료주차장 꿀팁ㄷㄷㄷ(전국에 싹 다 있습니다)','https://i.ytimg.com/vi/ndQ8HHaVAGc/hqdefault.jpg','한국인 99% 모르는 무료주차장 꿀팁ㄷㄷㄷ(전국에 싹 다 있습니다) #일단체크 #생활꿀팁 #정보 #지식 #일상꿀팁 #주차장 #무료주차.','2026-03-07 13:10:54');
INSERT OR IGNORE INTO parking_media (parking_lot_id,media_type,url,title,thumbnail_url,description,created_at) VALUES ('138-4-000066','youtube','https://www.youtube.com/watch?v=1rUTBUG6Q2M','한국 ; 부산광역시 해운대구 프레스센터상가 지하주차장 들어가기 직전 옛 백열전구 황색 점멸등 (Short Video) [2023/06/16(금)] part 1','https://i.ytimg.com/vi/1rUTBUG6Q2M/hqdefault.jpg','부산 해운대 반여동 인지초교 사거리 나오기 직전 옆에 조그만한 우측 프레스센터 상가 지하주차장 입구가 보이는데 들어가기 직전에 ...','2026-03-07 13:10:54');
INSERT OR IGNORE INTO parking_media (parking_lot_id,media_type,url,title,thumbnail_url,description,created_at) VALUES ('138-4-000066','youtube','https://www.youtube.com/watch?v=D-Wt-ziVjeY','해운대 암소갈비 앞 폭행현장 2020/8/8  3시반','https://i.ytimg.com/vi/D-Wt-ziVjeY/hqdefault.jpg','차량 정체로 인한 말다툼에서 거친 몸다툼으로 번짐. 사람들이 주변에서 뜯어말리고 했지만 계속 몇 차례 피해자와 피해자 가족들에게 ...','2026-03-07 13:10:54');
INSERT OR IGNORE INTO parking_media (parking_lot_id,media_type,url,title,thumbnail_url,description,created_at) VALUES ('KA-1039873099','youtube','https://www.youtube.com/watch?v=TE2F-mLp2ao','골드프라자 지하주차장 출차주의 경광전기 경광등소리','https://i.ytimg.com/vi/TE2F-mLp2ao/hqdefault.jpg','','2026-03-07 13:12:11');
INSERT OR IGNORE INTO parking_media (parking_lot_id,media_type,url,title,thumbnail_url,description,created_at) VALUES ('KA-1039873099','youtube','https://www.youtube.com/watch?v=ndQ8HHaVAGc','한국인 99% 모르는 무료주차장 꿀팁ㄷㄷㄷ(전국에 싹 다 있습니다)','https://i.ytimg.com/vi/ndQ8HHaVAGc/hqdefault.jpg','한국인 99% 모르는 무료주차장 꿀팁ㄷㄷㄷ(전국에 싹 다 있습니다) #일단체크 #생활꿀팁 #정보 #지식 #일상꿀팁 #주차장 #무료주차.','2026-03-07 13:12:11');
INSERT OR IGNORE INTO parking_media (parking_lot_id,media_type,url,title,thumbnail_url,description,created_at) VALUES ('KA-1039873099','youtube','https://www.youtube.com/watch?v=0SkTPfHCMa0','골뱅이 주차장 들어갈 때 꿀팁! #shorts | 매주 수, 금 도산맨션 609호 업로드🏠','https://i.ytimg.com/vi/0SkTPfHCMa0/hqdefault.jpg','매주 수, 금 도산맨션 609호 업로드!     도산맨션 바로 가기 https://www.instagram.com/dsms_609/reels/','2026-03-07 13:12:11');
INSERT OR IGNORE INTO parking_media (parking_lot_id,media_type,url,title,thumbnail_url,description,created_at) VALUES ('KA-1945527837','youtube','https://www.youtube.com/watch?v=bLql1aV32x0','[#주차TV 파킹박앱] 9호선 #봉은사역추천주차장_평일 1일권 13,000원_주말 6천원_ #아남빌딩주차장_20200407','https://i.ytimg.com/vi/bLql1aV32x0/hqdefault.jpg','2020년 4월, 코엑스 가까운 봉은사역 및 삼성역, 선릉역 주차장! (1) 9호선 #봉은사역3번 출구 1분, #아남빌딩주차장(기계식) - 평일 1 ...','2026-03-07 13:15:24');
INSERT OR IGNORE INTO parking_media (parking_lot_id,media_type,url,title,thumbnail_url,description,created_at) VALUES ('KA-1945527837','youtube','https://www.youtube.com/watch?v=96L6bObf0dQ','삼성역 주차장, 주말 7천원(월 27만/ 글라스타워)/ 봉은사역 월 26만(아남빌딩)/ 20,900원(골든타워 주말 5,900원)/ EG빌딩 2만원(주말 9천원)/ 동일타워 6천원','https://i.ytimg.com/vi/96L6bObf0dQ/hqdefault.jpg','10월, 삼성역.코엑스.선릉역 평일.주말.심야. 월주차장 ! : 파킹박앱 회원 2천원 및 카풀등록 3천원 적립금 지급!! : 실결제금액의 1% ...','2026-03-07 13:15:24');
INSERT OR IGNORE INTO parking_media (parking_lot_id,media_type,url,title,thumbnail_url,description,created_at) VALUES ('KA-1945527837','youtube','https://www.youtube.com/watch?v=7fkSH6xhU9A','강남 주민 아니면 알 수 없는 이유#shorts#강남#반포#서초','https://i.ytimg.com/vi/7fkSH6xhU9A/hqdefault.jpg','','2026-03-07 13:15:24');
INSERT OR IGNORE INTO parking_media (parking_lot_id,media_type,url,title,thumbnail_url,description,created_at) VALUES ('KA-20516447','youtube','https://www.youtube.com/watch?v=8_P393MdyMk','파스텔시티 주차장 출입구 문제 있어? 땅을 잘 못 파서 출입구가 S자가 됐지만 주차해 보겠습니다!','https://i.ytimg.com/vi/8_P393MdyMk/hqdefault.jpg','경)도주해 출연 확정(축 ''구독+좋아요+댓글''은 정말 큰 힘이 됩니다.','2026-03-07 13:13:24');
INSERT OR IGNORE INTO parking_media (parking_lot_id,media_type,url,title,thumbnail_url,description,created_at) VALUES ('KA-20516447','youtube','https://www.youtube.com/watch?v=Z5V96MyEcyk','운전면허 굴절코스가 왜 주차장에? 사당 파스텔시티','https://i.ytimg.com/vi/Z5V96MyEcyk/hqdefault.jpg','10시10분 인스타그램 @ 1010_thtm 소개 서울 거주 자영업자 , 제주도 시골별장 살이 사단법인 크게 돌기 협회 명예회장 소유 차량 ...','2026-03-07 13:13:24');
INSERT OR IGNORE INTO parking_media (parking_lot_id,media_type,url,title,thumbnail_url,description,created_at) VALUES ('KA-20516447','youtube','https://www.youtube.com/watch?v=0SkTPfHCMa0','골뱅이 주차장 들어갈 때 꿀팁! #shorts | 매주 수, 금 도산맨션 609호 업로드🏠','https://i.ytimg.com/vi/0SkTPfHCMa0/hqdefault.jpg','매주 수, 금 도산맨션 609호 업로드!     도산맨션 바로 가기 https://www.instagram.com/dsms_609/reels/','2026-03-07 13:13:24');
INSERT OR IGNORE INTO parking_media (parking_lot_id,media_type,url,title,thumbnail_url,description,created_at) VALUES ('KA-20563023','youtube','https://www.youtube.com/watch?v=E1dPmNJc1Ho','최악의 골뱅이 주차장에 가다!!#shorts','https://i.ytimg.com/vi/E1dPmNJc1Ho/hqdefault.jpg','골뱅이 주차장은 진입이 관건!! 진입만 되면 핸들은 찔끌찔끔 미세조정#shorts.','2026-03-07 13:16:30');
INSERT OR IGNORE INTO parking_media (parking_lot_id,media_type,url,title,thumbnail_url,description,created_at) VALUES ('KA-20563023','youtube','https://www.youtube.com/watch?v=-_oYF4iQFzE','지하주차장 인성 레전드 #shorts','https://i.ytimg.com/vi/-_oYF4iQFzE/hqdefault.jpg','','2026-03-07 13:16:30');
INSERT OR IGNORE INTO parking_media (parking_lot_id,media_type,url,title,thumbnail_url,description,created_at) VALUES ('KA-20563023','youtube','https://www.youtube.com/watch?v=kD29dzivnxA','수십 대 주차비 &#39;0원&#39; 기막힌 출차 수법 #shorts / KBS','https://i.ytimg.com/vi/kD29dzivnxA/hqdefault.jpg','남의 건물 유료 주차장에 차량을 여러 대 주차해놨다가 돈 한 푼 안 내고 슬쩍 빠져나가는 ''사기''가 기승을 부리고 있습니다 ▣ 제보 ...','2026-03-07 13:16:30');
INSERT OR IGNORE INTO parking_media (parking_lot_id,media_type,url,title,thumbnail_url,description,created_at) VALUES ('KA-20563023','youtube','https://www.youtube.com/watch?v=elF3zSvMBDk','#791. 앞에서 딸이 사고나는 걸 본 어머니 #shorts','https://i.ytimg.com/vi/elF3zSvMBDk/hqdefault.jpg','shorts b2034 이PD #한문철 #한문철TV #블랙박스 #블박영상 #교통사고 #교통사고영상 #traffic #accident #trafficaccident #car ...','2026-03-07 13:16:30');
INSERT OR IGNORE INTO parking_media (parking_lot_id,media_type,url,title,thumbnail_url,description,created_at) VALUES ('KA-20563023','youtube','https://www.youtube.com/watch?v=dAwdPqLygpA','불법주차 레전드','https://i.ytimg.com/vi/dAwdPqLygpA/hqdefault.jpg','','2026-03-07 13:16:30');
INSERT OR IGNORE INTO parking_media (parking_lot_id,media_type,url,title,thumbnail_url,description,created_at) VALUES ('KA-20563023','youtube','https://www.youtube.com/watch?v=-C7Cpc3Tf1Q','내가 누군지 알아 응 건달과 양아치 실제싸움현장','https://i.ytimg.com/vi/-C7Cpc3Tf1Q/hqdefault.jpg','싸움현장 #조직폭력배 #건달.','2026-03-07 13:16:30');
INSERT OR IGNORE INTO parking_media (parking_lot_id,media_type,url,title,thumbnail_url,description,created_at) VALUES ('KA-20563023','youtube','https://www.youtube.com/watch?v=uTfIKLhoFR4','개념없는 주차, 주차를 왜 이렇게 하십니까?   &#39;변산반도 국립공원 주차장&#39;','https://i.ytimg.com/vi/uTfIKLhoFR4/hqdefault.jpg','','2026-03-07 13:16:30');
INSERT OR IGNORE INTO parking_media (parking_lot_id,media_type,url,title,thumbnail_url,description,created_at) VALUES ('KA-20563023','youtube','https://www.youtube.com/watch?v=EKIabmoAs48','춘천특집) 아 사이드 미러를 긁어버렸네....하!!! 춘천 인성병원 , 스타벅스 춘천 온의점','https://i.ytimg.com/vi/EKIabmoAs48/hqdefault.jpg','10시10분 인스타그램 @ 1010_thtm 소개 서울 거주 자영업자 사단법인 크게 돌기 협회 명예회장 소유 차량 신형 에스컬레이드 5세대 ...','2026-03-07 13:16:30');
INSERT OR IGNORE INTO parking_media (parking_lot_id,media_type,url,title,thumbnail_url,description,created_at) VALUES ('KA-20563023','youtube','https://www.youtube.com/watch?v=kFewg9S51IM','조폭킬러 엄태웅에 대해 당신이 몰랐던 사실들!','https://i.ytimg.com/vi/kFewg9S51IM/hqdefault.jpg','','2026-03-07 13:16:30');
INSERT OR IGNORE INTO parking_media (parking_lot_id,media_type,url,title,thumbnail_url,description,created_at) VALUES ('KA-20563023','youtube','https://www.youtube.com/watch?v=-C5SfU5wd2M','주차정산기, 여기 있네. 해보자!ju-cha-jeong-san-gi,yeo-gi in-ne. hae-bo-ja!','https://i.ytimg.com/vi/-C5SfU5wd2M/hqdefault.jpg','','2026-03-07 13:16:30');
INSERT OR IGNORE INTO parking_media (parking_lot_id,media_type,url,title,thumbnail_url,description,created_at) VALUES ('KA-20563023','youtube','https://www.youtube.com/watch?v=E4d1xqTxhQs','[판슥] 파싸다구 개그치 맞은 판슥이 #shorts','https://i.ytimg.com/vi/E4d1xqTxhQs/hqdefault.jpg','판슥 #부산유튜버 #부산비제이 #파싸다구.','2026-03-07 13:16:30');
INSERT OR IGNORE INTO parking_media (parking_lot_id,media_type,url,title,thumbnail_url,description,created_at) VALUES ('KA-20563023','youtube','https://www.youtube.com/watch?v=EPZU-HqEFho','택시 5층 주차장에서 추락사고..','https://i.ytimg.com/vi/EPZU-HqEFho/hqdefault.jpg','택시 #추락사고 #사고영상 #교통사고 #블박영상 #블박영상모음 #shorts.','2026-03-07 13:16:30');
INSERT OR IGNORE INTO parking_media (parking_lot_id,media_type,url,title,thumbnail_url,description,created_at) VALUES ('KA-20563023','youtube','https://www.youtube.com/watch?v=FY9b_7qgL-c','JYP가 ‘최상위 연습생’에게만 주는 혜택','https://i.ytimg.com/vi/FY9b_7qgL-c/hqdefault.jpg','트와이스 #지효 #twice #엔믹스 #nmix #해원 #JYP #박진영 #연습생 #인성교육 #젓가락질 #shorts.','2026-03-07 13:16:30');
INSERT OR IGNORE INTO parking_media (parking_lot_id,media_type,url,title,thumbnail_url,description,created_at) VALUES ('KA-20563023','youtube','https://www.youtube.com/watch?v=ZopCfap7urU','엄태웅 참교육 당하는 영상','https://i.ytimg.com/vi/ZopCfap7urU/hqdefault.jpg','shortsfeed.','2026-03-07 13:16:30');
INSERT OR IGNORE INTO parking_media (parking_lot_id,media_type,url,title,thumbnail_url,description,created_at) VALUES ('KA-20563023','youtube','https://www.youtube.com/watch?v=9bWfw3YVm3Y','애기 생일 국경일로 지정한대?','https://i.ytimg.com/vi/9bWfw3YVm3Y/hqdefault.jpg','2033년#킥서비스#임신 안녕하세요! 킥킥이 여러분 이번 에피소드는 2033년에 ''임신''으로 인한 우당탕탕 좌충우돌 에피소드입니다.','2026-03-07 13:16:30');
INSERT OR IGNORE INTO parking_media (parking_lot_id,media_type,url,title,thumbnail_url,description,created_at) VALUES ('KA-20563023','youtube','https://www.youtube.com/watch?v=AB4J0sDrYS8','엄태웅 시비의 시작영상','https://i.ytimg.com/vi/AB4J0sDrYS8/hqdefault.jpg','엄태웅이라는 비제이가 수원건달들과 싸움을 하겠다고 시작되는 시비영상입니다. 차량을 빼주지 않는다는 건달과 정의구현(?)을 외친 ...','2026-03-07 13:16:30');
INSERT OR IGNORE INTO parking_media (parking_lot_id,media_type,url,title,thumbnail_url,description,created_at) VALUES ('KA-20563023','youtube','https://www.youtube.com/watch?v=996yj30mkXo','&quot;주차 자리 찜 했어요&quot; 황당...차주가 보여준 &#39;사이다 반격&#39;? / KNN','https://i.ytimg.com/vi/996yj30mkXo/hqdefault.jpg','knn뉴스 #주차 만석인 주차장에서 자리 찾기, 참 쉽지않죠. 이에 주차장에 사람이 달려가 냅다 자리를 잡는 민폐 행위가 극성인데요.','2026-03-07 13:16:30');
INSERT OR IGNORE INTO parking_media (parking_lot_id,media_type,url,title,thumbnail_url,description,created_at) VALUES ('KA-20563023','youtube','https://www.youtube.com/watch?v=E9qleHqac9s','한문철tv 주차장 상황','https://i.ytimg.com/vi/E9qleHqac9s/hqdefault.jpg','적반하장 레전드 ㄷㄷㄷ.','2026-03-07 13:16:30');
INSERT OR IGNORE INTO parking_media (parking_lot_id,media_type,url,title,thumbnail_url,description,created_at) VALUES ('KA-20563023','youtube','https://www.youtube.com/watch?v=eDhKYutrVmU','알바할 때 젤 억울한 순간 #shorts','https://i.ytimg.com/vi/eDhKYutrVmU/hqdefault.jpg','코미디 #조지길 #알바공감 #고말숙 #경력직 #알바 #카페알바 @GoMaLSooK.','2026-03-07 13:16:30');
INSERT OR IGNORE INTO parking_media (parking_lot_id,media_type,url,title,thumbnail_url,description,created_at) VALUES ('KA-20563023','youtube','https://www.youtube.com/watch?v=FdFQiFAtJQA','연석이 와 1M로 되어있으면ㅋㅋㅋ긁으라는거죠? 구로구 오퍼스1 지하주차장 에스컬레이드로 주차하기','https://i.ytimg.com/vi/FdFQiFAtJQA/hqdefault.jpg','10시10분 인스타그램 @ 1010_thtm 소개 서울 거주 자영업자 , 제주도 시골별장 살이 사단법인 크게 돌기 협회 명예회장 소유 차량 ...','2026-03-07 13:16:30');
INSERT OR IGNORE INTO parking_media (parking_lot_id,media_type,url,title,thumbnail_url,description,created_at) VALUES ('KA-20563023','youtube','https://www.youtube.com/watch?v=GTVBeJs9W28','교통 수신호의 달인 (대학병원 주차안내 달인을 만나다)','https://i.ytimg.com/vi/GTVBeJs9W28/hqdefault.jpg','서울의 한 대학병원 주차장에서 만난 교통수신호의 달인입니다.','2026-03-07 13:16:30');
INSERT OR IGNORE INTO parking_media (parking_lot_id,media_type,url,title,thumbnail_url,description,created_at) VALUES ('KA-20563023','youtube','https://www.youtube.com/watch?v=2FY7pFn1SPw','JYP 직원 복지 클라스','https://i.ytimg.com/vi/2FY7pFn1SPw/hqdefault.jpg','shorts #이석훈 #썰플리 #jyp.','2026-03-07 13:16:30');
INSERT OR IGNORE INTO parking_media (parking_lot_id,media_type,url,title,thumbnail_url,description,created_at) VALUES ('KA-20563023','youtube','https://www.youtube.com/watch?v=goUr_VTwKbs','수백 명의 지원자가 몰린 정규직! 주차관리원?!','https://i.ytimg.com/vi/goUr_VTwKbs/hqdefault.jpg','열악한 근무환경으로 대표적 기피 업종인 주차관리원. 그런데 부산의 한 종합병원에선 수백 명의 지원자가 몰렸다고 합니다.','2026-03-07 13:16:30');
INSERT OR IGNORE INTO parking_media (parking_lot_id,media_type,url,title,thumbnail_url,description,created_at) VALUES ('KA-20563023','youtube','https://www.youtube.com/watch?v=g6nD3hXIM1o','주차하려다 식당 돌진…신호대기 추돌 뒤 도주 (2021.04.17/뉴스투데이/MBC)','https://i.ytimg.com/vi/g6nD3hXIM1o/hqdefault.jpg','충남 천안의 한 식당에 승용차가 들이닥쳐 차량에 타고 있던 20대 남성이 다쳤습니다.','2026-03-07 13:16:30');
INSERT OR IGNORE INTO parking_media (parking_lot_id,media_type,url,title,thumbnail_url,description,created_at) VALUES ('KA-20563023','youtube','https://www.youtube.com/watch?v=eAcIc1BQBzA','고민) 주차관리 알바하면 멘탈 갈린다..','https://i.ytimg.com/vi/eAcIc1BQBzA/hqdefault.jpg','shorts 오늘도 숏츠로 듣고, 보는 이야기   각종 고민, 사연, 질문 등 궁금할 만한 이야기들을 보여드립니다.','2026-03-07 13:16:30');
INSERT OR IGNORE INTO parking_media (parking_lot_id,media_type,url,title,thumbnail_url,description,created_at) VALUES ('KA-313417552','youtube','https://www.youtube.com/watch?v=90X1VI6_OsI','동탄호수공원 주차장 싸다 ㅋㅋㅋ 3시간 250원 ㅋㅋㅋ','https://i.ytimg.com/vi/90X1VI6_OsI/hqdefault.jpg','','2026-03-07 13:12:44');
INSERT OR IGNORE INTO parking_media (parking_lot_id,media_type,url,title,thumbnail_url,description,created_at) VALUES ('KA-313417552','youtube','https://www.youtube.com/watch?v=ndQ8HHaVAGc','한국인 99% 모르는 무료주차장 꿀팁ㄷㄷㄷ(전국에 싹 다 있습니다)','https://i.ytimg.com/vi/ndQ8HHaVAGc/hqdefault.jpg','한국인 99% 모르는 무료주차장 꿀팁ㄷㄷㄷ(전국에 싹 다 있습니다) #일단체크 #생활꿀팁 #정보 #지식 #일상꿀팁 #주차장 #무료주차.','2026-03-07 13:12:44');
INSERT OR IGNORE INTO parking_media (parking_lot_id,media_type,url,title,thumbnail_url,description,created_at) VALUES ('KA-313417552','youtube','https://www.youtube.com/watch?v=vKBz-uUWnqo','[주차장]동탄 동탄2LH26단지 아파트 주차장 출차영상','https://i.ytimg.com/vi/vKBz-uUWnqo/hqdefault.jpg','2023.3.25 동탄2 LH26단지 지하1층.','2026-03-07 13:12:44');
INSERT OR IGNORE INTO parking_media (parking_lot_id,media_type,url,title,thumbnail_url,description,created_at) VALUES ('KA-438386424','youtube','https://www.youtube.com/watch?v=hjiKX8IJn9Y','신도림 라마다 빠르게 올라가는 법 #shorts','https://i.ytimg.com/vi/hjiKX8IJn9Y/hqdefault.jpg','풀영상 링크 https://youtu.be/UvHbVWRu8r8?si=qk8zyqqYhT88pabi 잉필름 카카오톡 문의하기 https://pf.kakao.com/_sxfxixhK 잉 ...','2026-03-07 13:14:10');
INSERT OR IGNORE INTO parking_media (parking_lot_id,media_type,url,title,thumbnail_url,description,created_at) VALUES ('KA-438386424','youtube','https://www.youtube.com/watch?v=fJpvvzyqC2E','라마다서울신도림호텔_오시는 길(도보)','https://i.ytimg.com/vi/fJpvvzyqC2E/hqdefault.jpg','2019 version.','2026-03-07 13:14:10');
INSERT OR IGNORE INTO parking_media (parking_lot_id,media_type,url,title,thumbnail_url,description,created_at) VALUES ('KA-438386424','youtube','https://www.youtube.com/watch?v=iz-TWKlFURs','신도림역에서 고대구로병원 셔틀버스정류장 찾아가기','https://i.ytimg.com/vi/iz-TWKlFURs/hqdefault.jpg','','2026-03-07 13:14:10');
INSERT OR IGNORE INTO parking_media (parking_lot_id,media_type,url,title,thumbnail_url,description,created_at) VALUES ('KA-492383927','youtube','https://www.youtube.com/watch?v=-vCz89gCEtA','신세계 강남점 2층 엘리베이터홀 완충이 만세','https://i.ytimg.com/vi/-vCz89gCEtA/hqdefault.jpg','','2026-03-07 13:12:44');
INSERT OR IGNORE INTO parking_media (parking_lot_id,media_type,url,title,thumbnail_url,description,created_at) VALUES ('KA-492383927','youtube','https://www.youtube.com/watch?v=U38UcZ5QhbQ','[2021 WBSS-GY-2] 경기도 화성시 향남읍 삼성디지털프라자 발안점 현대엘리베이터 WBSS','https://i.ytimg.com/vi/U38UcZ5QhbQ/hqdefault.jpg','촬영날짜 : 2021.08.17 촬영기기 : 갤럭시 노트20 울트라 위치 : 경기도 화성시 향남읍 제암리 129 설치 : 2021.04.16 용량 : 15인승 ...','2026-03-07 13:12:44');
INSERT OR IGNORE INTO parking_media (parking_lot_id,media_type,url,title,thumbnail_url,description,created_at) VALUES ('KA-492383927','youtube','https://www.youtube.com/watch?v=ZE0P7Ph0fhI','(SSVF7) #엘리베이터탑사기 청라 중흥 S 클래스 1단지 셔틀 엘리베이터 탑사기','https://i.ytimg.com/vi/ZE0P7Ph0fhI/hqdefault.jpg','엘리베이터 탑사 하는 채널입니다. #매이_화니_Leo #탑사기 #SSVF7 #현대엘리베이터 [엘리베이터 탑사기] 이 시리즈의 재생 목록 ...','2026-03-07 13:12:44');
INSERT OR IGNORE INTO parking_media (parking_lot_id,media_type,url,title,thumbnail_url,description,created_at) VALUES ('NV-1267627931_376919190','youtube','https://www.youtube.com/watch?v=MYHR1KyRCtk','[골뱅이주차장] 🚗 초보운전 마트 주차장 들어가기 / 나혼자탄다','https://i.ytimg.com/vi/MYHR1KyRCtk/hqdefault.jpg','나혼자탄다 구독하기 https://www.youtube.com/channel/UC0BlsjV-Xmpo90sBjrYgVPQ?sub_confirmation=1 나 혼자 탈 수 있는 ...','2026-03-07 13:45:28');
INSERT OR IGNORE INTO parking_media (parking_lot_id,media_type,url,title,thumbnail_url,description,created_at) VALUES ('NV-1267627931_376919190','youtube','https://www.youtube.com/watch?v=PW0SPJuJqbE','세종특별자치시 나성동 2생활관 환승주차장 (주)지암메디테크엘리베이터 탑사기','https://i.ytimg.com/vi/PW0SPJuJqbE/hqdefault.jpg','승객용 1350kg 20인승.','2026-03-07 13:45:28');
INSERT OR IGNORE INTO parking_media (parking_lot_id,media_type,url,title,thumbnail_url,description,created_at) VALUES ('NV-1267627931_376919190','youtube','https://www.youtube.com/watch?v=9kr_xEAciKE','대구 동아백화점 수성점 본관 B5~9층 운행용 B구간 승객용호기 리모델링전 후지테크엘리베이터 탑사기(2016.01.05 촬영)','https://i.ytimg.com/vi/9kr_xEAciKE/hqdefault.jpg','본관 A구간 B5~9층 운행용 엘리베이터홀에서 왼쪽호기(승객/장애인용호기, 1350kg 20인승)랑 가운데호기/오른쪽호기(침대용형식 ...','2026-03-07 13:45:28');
INSERT OR IGNORE INTO parking_media (parking_lot_id,media_type,url,title,thumbnail_url,description,created_at) VALUES ('NV-1267640923_376850412','youtube','https://www.youtube.com/watch?v=brELZnr8qzc','2억3400 일산서구 대화역 착한가격 실38평 일산복층빌라 이정도 퀄리티가 2억초반이라니!![일산복층빌라]','https://i.ytimg.com/vi/brELZnr8qzc/hqdefault.jpg','든든한이과장 #신세계하우징 2억3400 일산서구 대화역 착한가격 실38평 일산복층빌라 이정도 퀄리티가 2억초반이라니!![일산복층 ...','2026-03-07 13:45:28');
INSERT OR IGNORE INTO parking_media (parking_lot_id,media_type,url,title,thumbnail_url,description,created_at) VALUES ('NV-1267640923_376850412','youtube','https://www.youtube.com/watch?v=2EYQdUsgfoo','2억7500 마당테라스있는 지하복층! 2가구 살아도 좋은집~일산서구 대화역 일산복층빌라[덕이동복층빌라]','https://i.ytimg.com/vi/2EYQdUsgfoo/hqdefault.jpg','든든한이과장 #신세계하우징 2억7500 마당테라스있는 지하복층! 2가구 살아도 좋은집~일산서구 대화역 일산복층빌라[덕이동복층 ...','2026-03-07 13:45:28');
INSERT OR IGNORE INTO parking_media (parking_lot_id,media_type,url,title,thumbnail_url,description,created_at) VALUES ('NV-1267640923_376850412','youtube','https://www.youtube.com/watch?v=PZ11rqPUo5s','[식사동신축빌라]일산 식사동 자이 맞은편 대단지 신축빌라! 실29평 생활권,학군 모두 따져도 이만한 곳 있을까요?(일산신축빌라)','https://i.ytimg.com/vi/PZ11rqPUo5s/hqdefault.jpg','든든한이과장 #신세계하우징 [식사동신축빌라]일산 식사동 자이 맞은편 대단지 신축빌라! 실29평 생활권,학군 모두 따져도 이만한 곳 ...','2026-03-07 13:45:28');
INSERT OR IGNORE INTO parking_media (parking_lot_id,media_type,url,title,thumbnail_url,description,created_at) VALUES ('NV-1267650966_376619816','youtube','https://www.youtube.com/watch?v=dqCWRKEgGVY','장항동 우림로데오스위트 주차장','https://i.ytimg.com/vi/dqCWRKEgGVY/hqdefault.jpg','','2026-03-07 13:45:28');
INSERT OR IGNORE INTO parking_media (parking_lot_id,media_type,url,title,thumbnail_url,description,created_at) VALUES ('NV-1267650966_376619816','youtube','https://www.youtube.com/watch?v=PbJL4Kl2NzA','자취의 로망 오피스텔...? 살지마세요 ㅠㅠ','https://i.ytimg.com/vi/PbJL4Kl2NzA/hqdefault.jpg','원룸맛집입니다 채널 영상의 매물들은 중개 매물이 아니며 현실을 알아가며 재미있게 구경하는 컨텐츠임을 알려드립니다 ✓모든 ...','2026-03-07 13:45:28');
INSERT OR IGNORE INTO parking_media (parking_lot_id,media_type,url,title,thumbnail_url,description,created_at) VALUES ('NV-1267650966_376619816','youtube','https://www.youtube.com/watch?v=tHeQmGcYOMg','입주 한 달 앞둔 아파트 가보고...&quot;와이프는 울고, 치가 떨리죠&quot; / KBS 2024.06.10.','https://i.ytimg.com/vi/tHeQmGcYOMg/hqdefault.jpg','지난 3월 입주가 시작된 대구의 한 아파트, 거실 창문 전체가 모텔 건물에 가로막혀 있습니다. ㄱ자 모양의 아파트 바로 옆에 모텔이 ...','2026-03-07 13:45:28');
INSERT OR IGNORE INTO parking_media (parking_lot_id,media_type,url,title,thumbnail_url,description,created_at) VALUES ('NV-1268767457_375321777','youtube','https://www.youtube.com/watch?v=e-WFITI9P9U','목동 주민들이 모두가 추천 했던 극악난이도 주차장 목동 트윈빌,토다이,부영2차,현대월드타워','https://i.ytimg.com/vi/e-WFITI9P9U/hqdefault.jpg','10시10분 인스타그램 @ 1010_thtm 소개 서울 거주 자영업자 , 제주도 시골별장 살이 사단법인 크게 돌기 협회 회장 소유 차량 기아 ...','2026-03-07 13:45:28');
INSERT OR IGNORE INTO parking_media (parking_lot_id,media_type,url,title,thumbnail_url,description,created_at) VALUES ('NV-1268767457_375321777','youtube','https://www.youtube.com/watch?v=v_7kqBueOf4','전면 후면 평행 주차 어셈블! 목동 현대백화점, 주차장 맛집으로 고고고!!','https://i.ytimg.com/vi/v_7kqBueOf4/hqdefault.jpg','안녕하세요. 황**님이 제보해주신 목동 현대백화점 주차장에 다녀왔어요. 영상 끝에는 주차장 이용 허니 팁이 있으니 영상 끝까지 ...','2026-03-07 13:45:28');
INSERT OR IGNORE INTO parking_media (parking_lot_id,media_type,url,title,thumbnail_url,description,created_at) VALUES ('NV-1268767457_375321777','youtube','https://www.youtube.com/watch?v=CN43egPoDpM','목동트윈빌 대영이 방문결과... 충격','https://i.ytimg.com/vi/CN43egPoDpM/hqdefault.jpg','','2026-03-07 13:45:28');
INSERT OR IGNORE INTO parking_media (parking_lot_id,media_type,url,title,thumbnail_url,description,created_at) VALUES ('NV-1268780450_375360195','youtube','https://www.youtube.com/watch?v=e-WFITI9P9U','목동 주민들이 모두가 추천 했던 극악난이도 주차장 목동 트윈빌,토다이,부영2차,현대월드타워','https://i.ytimg.com/vi/e-WFITI9P9U/hqdefault.jpg','10시10분 인스타그램 @ 1010_thtm 소개 서울 거주 자영업자 , 제주도 시골별장 살이 사단법인 크게 돌기 협회 회장 소유 차량 기아 ...','2026-03-07 13:45:28');
INSERT OR IGNORE INTO parking_media (parking_lot_id,media_type,url,title,thumbnail_url,description,created_at) VALUES ('NV-1268780450_375360195','youtube','https://www.youtube.com/watch?v=0SkTPfHCMa0','골뱅이 주차장 들어갈 때 꿀팁! #shorts | 매주 수, 금 도산맨션 609호 업로드🏠','https://i.ytimg.com/vi/0SkTPfHCMa0/hqdefault.jpg','매주 수, 금 도산맨션 609호 업로드!     도산맨션 바로 가기 https://www.instagram.com/dsms_609/reels/','2026-03-07 13:45:28');
INSERT OR IGNORE INTO parking_media (parking_lot_id,media_type,url,title,thumbnail_url,description,created_at) VALUES ('NV-1268780450_375360195','youtube','https://www.youtube.com/watch?v=evclH9vC8U8','롯*월드타워에서 만난 칼각무! 주차장 출입구별 난이도 정도는 알고 가야지?!','https://i.ytimg.com/vi/evclH9vC8U8/hqdefault.jpg','''구독+좋아요+댓글''은 정말 큰 힘이 됩니다. :) --------------------------------------- 주차장 및 영상주제 신청 요청은 ''유튜브''커뮤니티에서 ...','2026-03-07 13:45:28');
INSERT OR IGNORE INTO parking_media (parking_lot_id,media_type,url,title,thumbnail_url,description,created_at) VALUES ('NV-1269749151_375637067','youtube','https://www.youtube.com/watch?v=Tj3A0IokHSk','🚫C커뮤니티, D동호회 최악의 주차장 1위! 서소문 시청역 한화빌딩 찢김주의 주차장 리뷰(feat.소확행)','https://i.ytimg.com/vi/Tj3A0IokHSk/hqdefault.jpg','안녕하세요. 도심 주행 해결사, 도.주.해입니다. 오늘은 위험한 서소문 한화빌딩 주차장에 다녀왔어요.(진짜 차 찢기는 줄;;) 소나타 ...','2026-03-07 13:45:28');
INSERT OR IGNORE INTO parking_media (parking_lot_id,media_type,url,title,thumbnail_url,description,created_at) VALUES ('NV-1269749151_375637067','youtube','https://www.youtube.com/watch?v=AMAMI00lZzA','중구 서소문로 125 서소문 한화빌딩 임대 안내','https://i.ytimg.com/vi/AMAMI00lZzA/hqdefault.jpg','중구 서소문로 125 서소문 한화빌딩 임대 안내 □ 자세한 내용은 홈페이지를 참고해주세요 https://www.opick.co.kr ...','2026-03-07 13:45:28');
INSERT OR IGNORE INTO parking_media (parking_lot_id,media_type,url,title,thumbnail_url,description,created_at) VALUES ('NV-1269749151_375637067','youtube','https://www.youtube.com/watch?v=ndQ8HHaVAGc','한국인 99% 모르는 무료주차장 꿀팁ㄷㄷㄷ(전국에 싹 다 있습니다)','https://i.ytimg.com/vi/ndQ8HHaVAGc/hqdefault.jpg','한국인 99% 모르는 무료주차장 꿀팁ㄷㄷㄷ(전국에 싹 다 있습니다) #일단체크 #생활꿀팁 #정보 #지식 #일상꿀팁 #주차장 #무료주차.','2026-03-07 13:45:28');
INSERT OR IGNORE INTO parking_media (parking_lot_id,media_type,url,title,thumbnail_url,description,created_at) VALUES ('NV-1270429045_375033582','youtube','https://www.youtube.com/watch?v=uiGf2oxGdUM','강남역 주차장, 주말 만원(역삼세무서, 5시간 17,000원)/ 주말 8천(삼원타워)/ 9,900원(강남아르누보시티)/ 강남빌딩 심야 7천원(주말 8천)/ 7천원(BNK디지털)','https://i.ytimg.com/vi/uiGf2oxGdUM/hqdefault.jpg','4월, 강남역.분당선.뱅뱅사거리.양재역 주차장! : #강남역주차지도 #역삼주차 #강남역심야주차 : 파킹박앱 회원 2천원 및 카풀등록 3 ...','2026-03-07 13:45:28');
INSERT OR IGNORE INTO parking_media (parking_lot_id,media_type,url,title,thumbnail_url,description,created_at) VALUES ('NV-1270429045_375033582','youtube','https://www.youtube.com/watch?v=FPK8Z-BpuWk','강남역 주차장, 주말 만원(역삼세무서, 5시간 17,000원)/ 주말 8천(삼원타워)/ 9,900원(강남아르누보시티)/ 강남빌딩 심야 7천원(주말 8천)/ 7천원(BNK디지털)','https://i.ytimg.com/vi/FPK8Z-BpuWk/hqdefault.jpg','5월, 강남역.분당선.뱅뱅사거리.양재역 주차장! : #강남역주차지도 #역삼주차 #강남역심야주차 : 파킹박앱 회원 2천원 및 카풀등록 3 ...','2026-03-07 13:45:28');
INSERT OR IGNORE INTO parking_media (parking_lot_id,media_type,url,title,thumbnail_url,description,created_at) VALUES ('NV-1270429045_375033582','youtube','https://www.youtube.com/watch?v=qOzNETMKKtU','파킹박앱 TV 강남역 및 서초역 주차장 서초아르누보 평일1일권 8천원 20191104','https://i.ytimg.com/vi/qOzNETMKKtU/hqdefault.jpg','강남역 11번 출구, 서초아르누보시티 주차장 안내 - 평일 1일권 : 8000원 (08:00 ~ 22:00) ** 주말에는 인근의 서초역 ''#마제스타시티'' ...','2026-03-07 13:45:28');
INSERT OR IGNORE INTO parking_media (parking_lot_id,media_type,url,title,thumbnail_url,description,created_at) VALUES ('NV-1270516135_375056900','youtube','https://www.youtube.com/watch?v=CGuMy4orZIE','주차장에서 크게 돌다가 타스만 긁었습니다. 강남 L7 호텔','https://i.ytimg.com/vi/CGuMy4orZIE/hqdefault.jpg','10시10분 인스타그램 @ 1010_thtm 소개 서울 거주 자영업자 , 제주도 시골별장 살이 사단법인 크게 돌기 협회 회장 소유 차량 기아 ...','2026-03-07 13:45:28');
INSERT OR IGNORE INTO parking_media (parking_lot_id,media_type,url,title,thumbnail_url,description,created_at) VALUES ('NV-1270516135_375056900','youtube','https://www.youtube.com/watch?v=3NwUMgFaEc0','에스컬레이드 타고 강남 롯데 L7호텔 주차장 도전하기','https://i.ytimg.com/vi/3NwUMgFaEc0/hqdefault.jpg','구독자분이 추천해주신 L7호텔 강남점 주차장 도전하고 왔습니다. 주차는 09:35 부터 시작합니다. 강남 간김에 테헤란로 L7호텔 ...','2026-03-07 13:45:28');
INSERT OR IGNORE INTO parking_media (parking_lot_id,media_type,url,title,thumbnail_url,description,created_at) VALUES ('NV-1270516135_375056900','youtube','https://www.youtube.com/watch?v=mxTdxFoWSoM','L7강남 호텔 주차장 미리보기 #L7강남 #서울호텔 #강남호텔 #주차장','https://i.ytimg.com/vi/mxTdxFoWSoM/hqdefault.jpg','','2026-03-07 13:45:28');
INSERT OR IGNORE INTO parking_media (parking_lot_id,media_type,url,title,thumbnail_url,description,created_at) VALUES ('NV-1270533527_370804788','youtube','https://www.youtube.com/watch?v=pKLUlf5hN00','사이버트럭 타고 주말 만차 평택국제중앙시장제2공영주차장 들어가기','https://i.ytimg.com/vi/pKLUlf5hN00/hqdefault.jpg','10시10분 인스타그램 @ 1010_thtm 소개 서울 거주 자영업자 , 제주도 시골별장 살이 사단법인 크게 돌기 협회 회장 소유 차량 기아 ...','2026-03-07 13:45:28');
INSERT OR IGNORE INTO parking_media (parking_lot_id,media_type,url,title,thumbnail_url,description,created_at) VALUES ('NV-1270533527_370804788','youtube','https://www.youtube.com/watch?v=ndQ8HHaVAGc','한국인 99% 모르는 무료주차장 꿀팁ㄷㄷㄷ(전국에 싹 다 있습니다)','https://i.ytimg.com/vi/ndQ8HHaVAGc/hqdefault.jpg','한국인 99% 모르는 무료주차장 꿀팁ㄷㄷㄷ(전국에 싹 다 있습니다) #일단체크 #생활꿀팁 #정보 #지식 #일상꿀팁 #주차장 #무료주차.','2026-03-07 13:45:28');
INSERT OR IGNORE INTO parking_media (parking_lot_id,media_type,url,title,thumbnail_url,description,created_at) VALUES ('NV-1270533527_370804788','youtube','https://www.youtube.com/watch?v=AXsBVHDucxU','공영주차장이 얼마나 빡세길래 차를 버리고 나와야 할까? 평택국제중앙시장 제2공영주차장','https://i.ytimg.com/vi/AXsBVHDucxU/hqdefault.jpg','10시10분 인스타그램 @ 1010_thtm 소개 서울 거주 자영업자 , 제주도 시골별장 살이 사단법인 크게 돌기 협회 회장 소유 차량 기아 ...','2026-03-07 13:45:28');
INSERT OR IGNORE INTO parking_media (parking_lot_id,media_type,url,title,thumbnail_url,description,created_at) VALUES ('NV-1271113164_373213630','youtube','https://www.youtube.com/watch?v=U3oqgnT3GHc','6월 vlog (1) ☕️ (안안·보정동카페거리·로스터디오·마트킹·서길순낙지골본점·런던그라운드·뚱보네화로)','https://i.ytimg.com/vi/U3oqgnT3GHc/hqdefault.jpg','영상 속 모든 장소는 아래에 적어두었습니다 :) GS칼텍스 용인서일주유소 (경기 용인시 기흥구 신수로 70) ...','2026-03-07 13:45:28');
INSERT OR IGNORE INTO parking_media (parking_lot_id,media_type,url,title,thumbnail_url,description,created_at) VALUES ('NV-1271320844_376009718','youtube','https://www.youtube.com/watch?v=iszHm3Ay4N0','🚨지역 유명 범퍼파괴자! 한양대 구리병원 다녀왔다구리! 한양대학교 구리병원 지하주차장 완벽 리뷰!','https://i.ytimg.com/vi/iszHm3Ay4N0/hqdefault.jpg','제보자피셜! 지역사회에서 범퍼 해먹기로 굉장히 유명한 한양대학교 구리병원 다녀왔구리!!! 시승 차량은 길다면 길고, 짧다면 짧은 ...','2026-03-07 13:16:35');
INSERT OR IGNORE INTO parking_media (parking_lot_id,media_type,url,title,thumbnail_url,description,created_at) VALUES ('NV-1271320844_376009718','youtube','https://www.youtube.com/watch?v=k2NH3yAzFZU','역대급 추천수 무려 20명이 강력 추천한 구리 한양대 병원 주차장 이거 실화?','https://i.ytimg.com/vi/k2NH3yAzFZU/hqdefault.jpg','10시10분 인스타그램 @ 1010_thtm 소개 서울 거주 자영업자 , 제주도 시골별장 살이 사단법인 크게 돌기 협회 명예회장 소유 차량 ...','2026-03-07 13:16:35');
INSERT OR IGNORE INTO parking_media (parking_lot_id,media_type,url,title,thumbnail_url,description,created_at) VALUES ('NV-1271320844_376009718','youtube','https://www.youtube.com/watch?v=ThhHrsX0aCk','(6탄) 대학병원 주차장이 이러면 어떻게 합니까?? 구리 한양대병원 지하주차장 / 제네시스 GV80 주차장 도전영상 #PTSD','https://i.ytimg.com/vi/ThhHrsX0aCk/hqdefault.jpg','극악의 난이도라고 불리는 구리 한양대병원 지하주차장을 POV(1인칭 주행영상)으로 만든 영상입니다. 앞으로 어려운 지하주차장에 ...','2026-03-07 13:16:35');
INSERT OR IGNORE INTO parking_media (parking_lot_id,media_type,url,title,thumbnail_url,description,created_at) VALUES ('NV-1272157670_375412772','youtube','https://www.youtube.com/watch?v=-px8ePSSMk8','개떡같은 상황에서는 Fun 하고, Cool 하고, Sexy 하게 대처해야 합니다. 하남 현대베스코아 지하주차장 리뷰','https://i.ytimg.com/vi/-px8ePSSMk8/hqdefault.jpg','하남 현대베스코아는 경사로가 공용출입구이기 때문에 개떡같은 상황이 발생할 수 있어요! 이럴때에는 Fun 하고, Cool 하고, Sexy ...','2026-03-07 13:45:28');
INSERT OR IGNORE INTO parking_media (parking_lot_id,media_type,url,title,thumbnail_url,description,created_at) VALUES ('NV-1272157670_375412772','youtube','https://www.youtube.com/watch?v=YPl6HBnw7OM','주차장 도장 깨기 6탄! (신장동 현대 베스코아) 지하 주차장.','https://i.ytimg.com/vi/YPl6HBnw7OM/hqdefault.jpg','주자장 도장 깨기 6탄! 경기도 하남시 신장동에 위치한 현대 베스코아 지하 주차장을 다녀왔습니다. 제보해 주신 "최경환" 님 감사 ...','2026-03-07 13:45:28');
INSERT OR IGNORE INTO parking_media (parking_lot_id,media_type,url,title,thumbnail_url,description,created_at) VALUES ('NV-1272157670_375412772','youtube','https://www.youtube.com/watch?v=91ZLKflSx9o','분당 재생병원 지하 주차장','https://i.ytimg.com/vi/91ZLKflSx9o/hqdefault.jpg','주차장 도장 깨기 1편! (여의도 성모병원) 2편! (한양대학교 구리병원) 3편! (강남 점프 밀라노) 4편! (시사 일본어 학원) 5편! (세이브존 ...','2026-03-07 13:45:28');
INSERT OR IGNORE INTO crawled_reviews (parking_lot_id,source,source_id,title,content,source_url,author,published_at,relevance_score,crawled_at,summary,is_positive) VALUES ('NV-1270516135_375056900','youtube_comment','001c1f422b4cc72a','[YouTube] 에스컬레이드 타고 강남 롯데 L7호텔 주차장 도전하기','주차장 설계 저따구로 한 건설업자는
오함마로 정수리를 찍어야 합니다
지가 쓸 건물 아니라고 저따구로
설계를 해둔 건지','https://www.youtube.com/watch?v=3NwUMgFaEc0','@lIlIlIlIllIIIl1lllllllllIIIll','2021-09-28',30,'2026-03-07 13:45:51','null','null');
INSERT OR IGNORE INTO crawled_reviews (parking_lot_id,source,source_id,title,content,source_url,author,published_at,relevance_score,crawled_at,summary,is_positive) VALUES ('NV-1267337295_375080801','youtube_comment','04baffe5634a0df9','[YouTube] 인천 아파트는 여기를 사야 3년안에 웃습니다','연수우성2차  팔아야  될까여?','https://www.youtube.com/watch?v=HqPKjzBHjVo','@코카','2026-01-27',30,'2026-03-07 13:45:51','null','null');
INSERT OR IGNORE INTO crawled_reviews (parking_lot_id,source,source_id,title,content,source_url,author,published_at,relevance_score,crawled_at,summary,is_positive) VALUES ('KA-20516447','youtube_comment','087e0d96a1af69d8','[YouTube] 파스텔시티 주차장 출입구 문제 있어? 땅을 잘 못 파서 출입구가 S자가 됐지만 주차해 보겠습니다!','송파가든파이브 송파점주차장 찍어주세요','https://www.youtube.com/watch?v=8_P393MdyMk','@석료세는날','2020-08-17',30,'2026-03-07 13:13:32','null','null');
INSERT OR IGNORE INTO crawled_reviews (parking_lot_id,source,source_id,title,content,source_url,author,published_at,relevance_score,crawled_at,summary,is_positive) VALUES ('NV-1270516135_375056900','youtube_comment','0a6c3eeca647341d','[YouTube] 에스컬레이드 타고 강남 롯데 L7호텔 주차장 도전하기','그가 무서워 하지 않는 것 : 좁은 주차장
그가 무서워 하는것 : 뒷차','https://www.youtube.com/watch?v=3NwUMgFaEc0','@sichspiegeln','2021-09-28',70,'2026-03-07 13:45:51','null','null');
INSERT OR IGNORE INTO crawled_reviews (parking_lot_id,source,source_id,title,content,source_url,author,published_at,relevance_score,crawled_at,summary,is_positive) VALUES ('KA-20516447','youtube_comment','0e9e6e65b586dde4','[YouTube] 운전면허 굴절코스가 왜 주차장에? 사당 파스텔시티','알고리즘 유입 입니다. 다들 이분이 휠 긁는거 보고싶어서 보는거 맞죠? 아.. 아님말궁...','https://www.youtube.com/watch?v=Z5V96MyEcyk','@Lapin-de-Lune','2023-10-12',40,'2026-03-07 13:13:32','null','null');
INSERT OR IGNORE INTO crawled_reviews (parking_lot_id,source,source_id,title,content,source_url,author,published_at,relevance_score,crawled_at,summary,is_positive) VALUES ('NV-1268767457_375321777','youtube_comment','11be17f0f283c42a','[YouTube] 목동 주민들이 모두가 추천 했던 극악난이도 주차장 목동 트윈빌,토다이,부영2차,현대월드타워','과천타워도 한번 와주세요
과천시 별양상가1로 10 과천타워 지하주차장 추천드립니다','https://www.youtube.com/watch?v=e-WFITI9P9U','@루루앰버','2025-09-22',50,'2026-03-07 13:45:13','null','null');
INSERT OR IGNORE INTO crawled_reviews (parking_lot_id,source,source_id,title,content,source_url,author,published_at,relevance_score,crawled_at,summary,is_positive) VALUES ('NV-1270516135_375056900','youtube_comment','12249a39cd360601','[YouTube] 주차장에서 크게 돌다가 타스만 긁었습니다. 강남 L7 호텔','죄송해요ㅜㅜ 괜히 추천했나봐요 ㅜㅜ  다음부터는   더 좁은길로 인도 하겠습니다 ㅋ','https://www.youtube.com/watch?v=CGuMy4orZIE','@핫구글','2025-08-17',60,'2026-03-07 13:45:51','null','null');
INSERT OR IGNORE INTO crawled_reviews (parking_lot_id,source,source_id,title,content,source_url,author,published_at,relevance_score,crawled_at,summary,is_positive) VALUES ('NV-1270451516_372595860','youtube_comment','14a3f3dc4969e2c9','[YouTube] 네이버에 주차헬이라고 나온다는 동탄출장소 그린파킹파크','앗 저희동네네요 ㅎㅎ 비교적 신축 건물인데 반경 좁게 해놔서 좀 짜증나는 곳이긴 한데 다른 곳에 비하면 애굡니다 ㅎ','https://www.youtube.com/watch?v=hcj4AXIzyUQ','@BooyoungPark','2023-10-13',40,'2026-03-07 13:45:51','null','null');
INSERT OR IGNORE INTO crawled_reviews (parking_lot_id,source,source_id,title,content,source_url,author,published_at,relevance_score,crawled_at,summary,is_positive) VALUES ('NV-1271320844_376009718','youtube_comment','1643c981e865633d','[YouTube] 🚨지역 유명 범퍼파괴자! 한양대 구리병원 다녀왔다구리! 한양대학교 구리병원 지하주차장 완벽 리뷰!','여의도 KTB 주차장도 한번 가보세요~ 주차장 내부 공간도 좁아요~','https://www.youtube.com/watch?v=iszHm3Ay4N0','@HDragonY','2019-10-05',70,'2026-03-07 13:16:35','null','null');
INSERT OR IGNORE INTO crawled_reviews (parking_lot_id,source,source_id,title,content,source_url,author,published_at,relevance_score,crawled_at,summary,is_positive) VALUES ('KA-20563023','youtube_comment','17b2ffbc489309bf','[YouTube] 고민) 주차관리 알바하면 멘탈 갈린다..','초롱이같은친구 입구에 놓고 주차알바 시키면 저런아줌마들 없을듯 ㅋㅋㅋㅋㅋㅋ','https://www.youtube.com/watch?v=eAcIc1BQBzA','@ABCDEFG-GFEDCBA','2023-10-26',30,'2026-03-07 13:16:30','null','null');
INSERT OR IGNORE INTO crawled_reviews (parking_lot_id,source,source_id,title,content,source_url,author,published_at,relevance_score,crawled_at,summary,is_positive) VALUES ('NV-1269855603_373953689','youtube_comment','1d7aa4f14007d2fb','[YouTube] 충돌위험! 후진으로 입차하라는 주차장?! 포레스타타워','울동넨디ㅋㅋㅋㅋㅋ 볼 때마다 내가 아찔해서 구독 누르기 힘들었는데 이거 보고 박습니다ㅋㅋ','https://www.youtube.com/watch?v=HYFHIGpiDUw','@탸블로','2023-10-24',40,'2026-03-07 13:45:51','null','null');
INSERT OR IGNORE INTO crawled_reviews (parking_lot_id,source,source_id,title,content,source_url,author,published_at,relevance_score,crawled_at,summary,is_positive) VALUES ('KA-20563023','youtube_comment','1fec6b7e950119dd','[YouTube] #791. 앞에서 딸이 사고나는 걸 본 어머니 #shorts','ㄹㅇ 횡단보도 건널때 무리하게 우회전하는 차 있으면 개꼬라봐주고 감','https://www.youtube.com/watch?v=elF3zSvMBDk','@unCalientacabezas','2022-02-26',70,'2026-03-07 13:16:30','null','null');
INSERT OR IGNORE INTO crawled_reviews (parking_lot_id,source,source_id,title,content,source_url,author,published_at,relevance_score,crawled_at,summary,is_positive) VALUES ('138-4-000066','youtube_comment','200dcc2fe661986e','[YouTube] 한국 ; 부산광역시 해운대구 프레스센터상가 지하주차장 들어가기 직전 옛 백열전구 황색 점멸등 (Short Video) [2023/06/16(금)] part 1','장성동 산호그린맨션7차에 백열3색 신호등이있어요','https://www.youtube.com/watch?v=1rUTBUG6Q2M','@김천후기카라이트','2026-01-10',30,'2026-03-07 13:11:01','null','null');
INSERT OR IGNORE INTO crawled_reviews (parking_lot_id,source,source_id,title,content,source_url,author,published_at,relevance_score,crawled_at,summary,is_positive) VALUES ('NV-1272157670_375412772','youtube_comment','23fb49246d3f9541','[YouTube] 주차장 도장 깨기 6탄! (신장동 현대 베스코아) 지하 주차장.','연신내에 위치한 메트로타워 주차장 6층에있는 쿠우쿠우 방문하다가 범퍼가 싹다 갈려버렸습니다 인터넷 후기에도 주차장이 좁다고 유명하네요 도장깨기 제보드립니다!~','https://www.youtube.com/watch?v=YPl6HBnw7OM','@신용인의게임채널','2021-08-04',70,'2026-03-07 13:45:21','null','null');
INSERT OR IGNORE INTO crawled_reviews (parking_lot_id,source,source_id,title,content,source_url,author,published_at,relevance_score,crawled_at,summary,is_positive) VALUES ('NV-1269749151_375637067','youtube_comment','25a46312bd4f9a2c','[YouTube] 🚫C커뮤니티, D동호회 최악의 주차장 1위! 서소문 시청역 한화빌딩 찢김주의 주차장 리뷰(feat.소확행)','와 여기다니면 
차폭감은 걍 마스터하겠네','https://www.youtube.com/watch?v=Tj3A0IokHSk','@뮤-u2b','2020-08-30',30,'2026-03-07 13:45:13','null','null');
INSERT OR IGNORE INTO crawled_reviews (parking_lot_id,source,source_id,title,content,source_url,author,published_at,relevance_score,crawled_at,summary,is_positive) VALUES ('NV-1271320844_376009718','youtube_comment','2927cb60999dbda3','[YouTube] 역대급 추천수 무려 20명이 강력 추천한 구리 한양대 병원 주차장 이거 실화?','운전실력과 시동꺼짐은 또 다른 영역이니까요...
오늘도 재미있게 봤습니다~','https://www.youtube.com/watch?v=k2NH3yAzFZU','@cambox','2024-11-06',30,'2026-03-07 13:16:35','null','null');
INSERT OR IGNORE INTO crawled_reviews (parking_lot_id,source,source_id,title,content,source_url,author,published_at,relevance_score,crawled_at,summary,is_positive) VALUES ('NV-1270516135_375056900','youtube_comment','2a3a26827be18036','[YouTube] 에스컬레이드 타고 강남 롯데 L7호텔 주차장 도전하기','27:59 역대급 긁었나...?','https://www.youtube.com/watch?v=3NwUMgFaEc0','@pungshin','2021-09-28',40,'2026-03-07 13:45:51','null','null');
INSERT OR IGNORE INTO crawled_reviews (parking_lot_id,source,source_id,title,content,source_url,author,published_at,relevance_score,crawled_at,summary,is_positive) VALUES ('KA-20563023','youtube_comment','2d906ae0656609d7','[YouTube] &quot;주차 자리 찜 했어요&quot; 황당...차주가 보여준 &#39;사이다 반격&#39;? / KNN','주차장은 차가 먼저지 사람이 먼저가 아니다','https://www.youtube.com/watch?v=996yj30mkXo','@원돌링','2024-11-19',30,'2026-03-07 13:16:30','null','null');
INSERT OR IGNORE INTO crawled_reviews (parking_lot_id,source,source_id,title,content,source_url,author,published_at,relevance_score,crawled_at,summary,is_positive) VALUES ('NV-1271320844_376009718','youtube_comment','2e2bf77d1e07e453','[YouTube] (6탄) 대학병원 주차장이 이러면 어떻게 합니까?? 구리 한양대병원 지하주차장 / 제네시스 GV80 주차장 도전영상 #PTSD','ㅋㅋㅋㅋㅋㅋㅋㅋㅋ숨죽이고 눈을 동그랗게 뜨고 주시하다가 다 나와서 연구소님의 
한숨 소리에 빵 터졌네요~~  구리한대병원 주차장은 경차만 주차해야겠습니다. 헐~~
수고하셨네요~~^^','https://www.youtube.com/watch?v=ThhHrsX0aCk','@이춘선-r8v','2022-01-07',30,'2026-03-07 13:16:35','null','null');
INSERT OR IGNORE INTO crawled_reviews (parking_lot_id,source,source_id,title,content,source_url,author,published_at,relevance_score,crawled_at,summary,is_positive) VALUES ('NV-1269643862_375342322','youtube_comment','379d89668833fe53','[YouTube] [남구준완][한글날 특집 영상-1] 잠원한신아파트 경광등, 주차장 내부 모음','여기 입차 루프선은 있는데 장내경보등이 없나요?
아니면 벽부형에 있지 않나요?','https://www.youtube.com/watch?v=SthMuZUA7Ds','@HelloAnnaRed7874','2021-07-25',30,'2026-03-07 13:45:51','null','null');
INSERT OR IGNORE INTO crawled_reviews (parking_lot_id,source,source_id,title,content,source_url,author,published_at,relevance_score,crawled_at,summary,is_positive) VALUES ('NV-1268767457_375321777','youtube_comment','3ab9b1718e31f789','[YouTube] 전면 후면 평행 주차 어셈블! 목동 현대백화점, 주차장 맛집으로 고고고!!','주차 난이도 딜레마','https://www.youtube.com/watch?v=v_7kqBueOf4','@taegoncheon','2024-10-18',30,'2026-03-07 13:45:13','null','null');
INSERT OR IGNORE INTO crawled_reviews (parking_lot_id,source,source_id,title,content,source_url,author,published_at,relevance_score,crawled_at,summary,is_positive) VALUES ('NV-1271320844_376009718','youtube_comment','3f440aad9b790e10','[YouTube] 역대급 추천수 무려 20명이 강력 추천한 구리 한양대 병원 주차장 이거 실화?','저 같은 초보는 그냥 유료주차장이나 주변 공영주차장으로 마음 편히 😌
정보 감사합니다  ❤︎','https://www.youtube.com/watch?v=k2NH3yAzFZU','@しゅん-u5e6r','2024-11-07',50,'2026-03-07 13:16:35','null','null');
INSERT OR IGNORE INTO crawled_reviews (parking_lot_id,source,source_id,title,content,source_url,author,published_at,relevance_score,crawled_at,summary,is_positive) VALUES ('KA-20516447','youtube_comment','40812dced60cb833','[YouTube] 운전면허 굴절코스가 왜 주차장에? 사당 파스텔시티','가끔 옥탄가 낮은 주차 영상도 있어서 모처럼 안구가 편해지시길 바랍니다. 그래도 좋아요는 늘 엎드려 부탁드립니다. 감사합니다. 협회원님들 주차장 제보는 댓글로 남겨주시면 본업 외에 시간이 있을 때 상시 검색하여 방문하겠습니다. 감사합니다.','https://www.youtube.com/watch?v=Z5V96MyEcyk','@1010thtm','2023-10-12',50,'2026-03-07 13:13:32','null','null');
INSERT OR IGNORE INTO crawled_reviews (parking_lot_id,source,source_id,title,content,source_url,author,published_at,relevance_score,crawled_at,summary,is_positive) VALUES ('NV-1271320844_376009718','youtube_comment','42ab9f976bd7c7a3','[YouTube] 🚨지역 유명 범퍼파괴자! 한양대 구리병원 다녀왔다구리! 한양대학교 구리병원 지하주차장 완벽 리뷰!','서울리베라호텔 주차장 탐방 해주세요
B1층입구가 엄청좁고 급커브예요','https://www.youtube.com/watch?v=iszHm3Ay4N0','@fan5450','2019-10-02',70,'2026-03-07 13:16:35','null','null');
INSERT OR IGNORE INTO crawled_reviews (parking_lot_id,source,source_id,title,content,source_url,author,published_at,relevance_score,crawled_at,summary,is_positive) VALUES ('KA-20563023','youtube_comment','475447a6f2c20477','[YouTube] 연석이 와 1M로 되어있으면ㅋㅋㅋ긁으라는거죠? 구로구 오퍼스1 지하주차장 에스컬레이드로 주차하기','길동하이브주차장 ㅋㅋㅋㅋㅋㅋ 진짜 ....','https://www.youtube.com/watch?v=FdFQiFAtJQA','@10년차대기업중소인사','2023-10-11',30,'2026-03-07 13:16:30','null','null');
INSERT OR IGNORE INTO crawled_reviews (parking_lot_id,source,source_id,title,content,source_url,author,published_at,relevance_score,crawled_at,summary,is_positive) VALUES ('KA-20563023','youtube_comment','48ecc034726d595c','[YouTube] 고민) 주차관리 알바하면 멘탈 갈린다..','진짜 주차알바 하지마라 어느병원 시설팀장했다 너무 환자가 많이 오는 날이면 주차원 지원하러 나가는데 진짜 딱 저렇다 자리없다고하면 욕부터 박는10새들있다...하도 열받아 ㅈㄴ싸웠다...그러고 1년반후 도저히 못견디고 퇴직했다...','https://www.youtube.com/watch?v=eAcIc1BQBzA','@asarabiya1','2023-10-26',30,'2026-03-07 13:16:30','null','null');
INSERT OR IGNORE INTO crawled_reviews (parking_lot_id,source,source_id,title,content,source_url,author,published_at,relevance_score,crawled_at,summary,is_positive) VALUES ('NV-1268470024_375305014','youtube_comment','4bedd04ea41c1d4e','[YouTube] 지옥 같은 주차장? 화곡심포니타워, 동양미래대학교','화곡동에 이렇게좁은곳있었군아.. 근처인데도 몰랐네','https://www.youtube.com/watch?v=oWxht9L_NX0','@月火월화','2022-08-31',40,'2026-03-07 13:45:51','null','null');
INSERT OR IGNORE INTO crawled_reviews (parking_lot_id,source,source_id,title,content,source_url,author,published_at,relevance_score,crawled_at,summary,is_positive) VALUES ('NV-1270533527_370804788','youtube_comment','4d8f89b5a9ff6612','[YouTube] 사이버트럭 타고 주말 만차 평택국제중앙시장제2공영주차장 들어가기','나도 직관하고 싶다. 😂😂😂 차가 웅장하네요 볼수록 멋있넹','https://www.youtube.com/watch?v=pKLUlf5hN00','@루루앰버','2025-11-09',30,'2026-03-07 13:45:21','null','null');
INSERT OR IGNORE INTO crawled_reviews (parking_lot_id,source,source_id,title,content,source_url,author,published_at,relevance_score,crawled_at,summary,is_positive) VALUES ('NV-1271320844_376009718','youtube_comment','4f5da85856d1ff67','[YouTube] 역대급 추천수 무려 20명이 강력 추천한 구리 한양대 병원 주차장 이거 실화?','아반떼로 못가는 주차장이면 건물폐쇄해야지 ㅋㅋ','https://www.youtube.com/watch?v=k2NH3yAzFZU','@2dam6dam','2024-11-05',30,'2026-03-07 13:16:35','null','null');
INSERT OR IGNORE INTO crawled_reviews (parking_lot_id,source,source_id,title,content,source_url,author,published_at,relevance_score,crawled_at,summary,is_positive) VALUES ('NV-1268767457_375321777','youtube_comment','4f721025e8b6b599','[YouTube] 전면 후면 평행 주차 어셈블! 목동 현대백화점, 주차장 맛집으로 고고고!!','오늘 목동현백 갔는데,출차가 무인정산으로 바뀌었더군요.그리고 출차가 일방통행이라 주말에 현대41타워쪽 더 브릴리에 결혼식 있을때 출구에서 좌회전이 엄청 막힙니다.그리고 옆에 하이페리온 입주민들이 살고 있어서 갑툭튀 자전거나,보행자 조심하셔야 되요','https://www.youtube.com/watch?v=v_7kqBueOf4','@오용훈-i4w','2020-03-30',70,'2026-03-07 13:45:13','null','null');
INSERT OR IGNORE INTO crawled_reviews (parking_lot_id,source,source_id,title,content,source_url,author,published_at,relevance_score,crawled_at,summary,is_positive) VALUES ('KA-20563023','youtube_comment','5151cc8b9b8b1c08','[YouTube] 수십 대 주차비 &#39;0원&#39; 기막힌 출차 수법 #shorts / KBS','사설주차업체는 지들 주차장없이 남의 유료주차장에서 공짜로 장사한거네요. 빌딩주차장측에서 영업방해로 고소해야할듯 싶습니다.','https://www.youtube.com/watch?v=kD29dzivnxA','@GNG45','2023-01-25',30,'2026-03-07 13:16:30','null','null');
INSERT OR IGNORE INTO crawled_reviews (parking_lot_id,source,source_id,title,content,source_url,author,published_at,relevance_score,crawled_at,summary,is_positive) VALUES ('NV-1270451516_372595860','youtube_comment','515f24da522d8dea','[YouTube] 네이버에 주차헬이라고 나온다는 동탄출장소 그린파킹파크','아우씨 초보운전자는 또 한번 감탄하며 갑니다.','https://www.youtube.com/watch?v=hcj4AXIzyUQ','@조민아-o6e','2023-10-13',30,'2026-03-07 13:45:51','null','null');
INSERT OR IGNORE INTO crawled_reviews (parking_lot_id,source,source_id,title,content,source_url,author,published_at,relevance_score,crawled_at,summary,is_positive) VALUES ('NV-1271320844_376009718','youtube_comment','5183ed8c5bd7f546','[YouTube] 🚨지역 유명 범퍼파괴자! 한양대 구리병원 다녀왔다구리! 한양대학교 구리병원 지하주차장 완벽 리뷰!','제가 제보해준 주차장이 드디어 나왔네요!','https://www.youtube.com/watch?v=iszHm3Ay4N0','@dddddd-n1u','2019-10-26',30,'2026-03-07 13:16:35','null','null');
INSERT OR IGNORE INTO crawled_reviews (parking_lot_id,source,source_id,title,content,source_url,author,published_at,relevance_score,crawled_at,summary,is_positive) VALUES ('NV-1271320844_376009718','youtube_comment','51e4b8b33e0b9939','[YouTube] 🚨지역 유명 범퍼파괴자! 한양대 구리병원 다녀왔다구리! 한양대학교 구리병원 지하주차장 완벽 리뷰!','강동성심병원 주차장이요!!
폭이 좁아서 들어가기 어렵다고 합니다!
꼭 한번 가주세요!!','https://www.youtube.com/watch?v=iszHm3Ay4N0','@cksnnnn','2019-10-02',70,'2026-03-07 13:16:35','null','null');
INSERT OR IGNORE INTO crawled_reviews (parking_lot_id,source,source_id,title,content,source_url,author,published_at,relevance_score,crawled_at,summary,is_positive) VALUES ('NV-1270516135_375056900','youtube_comment','57f8c91fc62bb2cc','[YouTube] 에스컬레이드 타고 강남 롯데 L7호텔 주차장 도전하기','ㅋㅋㅋㅋㅋㅋㅋㅋㅋㅋㅋㅋㅋㅋㅋㅋㅋㅋㅋㅋㅋㅋㅋㅋ아 진짜 너무재미있네요 ㅋㅋㅋㅋㅋㅋ 차 안에 혼자 계신데도  오디오가 비질 않음','https://www.youtube.com/watch?v=3NwUMgFaEc0','@dannyan3841','2021-09-28',30,'2026-03-07 13:45:51','null','null');
INSERT OR IGNORE INTO crawled_reviews (parking_lot_id,source,source_id,title,content,source_url,author,published_at,relevance_score,crawled_at,summary,is_positive) VALUES ('NV-1271320844_376009718','youtube_comment','5916b652b8f3b0ee','[YouTube] 🚨지역 유명 범퍼파괴자! 한양대 구리병원 다녀왔다구리! 한양대학교 구리병원 지하주차장 완벽 리뷰!','도주해의 리뷰가 필요한 주차장이 있다면 댓글로 남겨주세요!




❤️ 주차장 에피소드 환영
❤️ 주차장 블랙박스 감사
❤️ 블랙박스 영상은 senchi@senchi.co.kr 로 보내주세요.




전국구 주차장 리뷰~ 도주해가 해드립니다~!','https://www.youtube.com/watch?v=iszHm3Ay4N0','@dozuhae','2019-10-02',30,'2026-03-07 13:16:35','null','null');
INSERT OR IGNORE INTO crawled_reviews (parking_lot_id,source,source_id,title,content,source_url,author,published_at,relevance_score,crawled_at,summary,is_positive) VALUES ('KA-20516447','youtube_comment','5b5056638429a97d','[YouTube] 운전면허 굴절코스가 왜 주차장에? 사당 파스텔시티','볼때마다 진짜 운전 잘하심 ㄷ','https://www.youtube.com/watch?v=Z5V96MyEcyk','@하늘꽃비-k1p','2023-10-12',30,'2026-03-07 13:13:32','null','null');
INSERT OR IGNORE INTO crawled_reviews (parking_lot_id,source,source_id,title,content,source_url,author,published_at,relevance_score,crawled_at,summary,is_positive) VALUES ('KA-20563023','youtube_comment','5c338912484a03d7','[YouTube] 주차하려다 식당 돌진…신호대기 추돌 뒤 도주 (2021.04.17/뉴스투데이/MBC)','이창명 이후로 판사가 도망가야 살아남는다.
케이스를 만들어줬지. 도망갔다 술깨고 너무놀래서 정신차리고나니 호텔이였다 . 심신미약으로 약좀먹고~~변호사잘쓰면 구속없지~~','https://www.youtube.com/watch?v=g6nD3hXIM1o','@이지연-r7l9t','2021-04-17',30,'2026-03-07 13:16:30','null','null');
INSERT OR IGNORE INTO crawled_reviews (parking_lot_id,source,source_id,title,content,source_url,author,published_at,relevance_score,crawled_at,summary,is_positive) VALUES ('NV-1268767457_375321777','youtube_comment','5c61b63b65b8a370','[YouTube] 목동 주민들이 모두가 추천 했던 극악난이도 주차장 목동 트윈빌,토다이,부영2차,현대월드타워','홍제동 한번 봅셔야죠~
무악청구3차아파트 가봅쇼 졸라게 어렵습니다.~~ 
아빠트인데 주차장 담당자 잘라야할 정도로 좁습니다.~~ 꼭 한번 가야하는 곳입니다. 레츠고오오우~~~~~~~~!!!
서울시 서대문구 홍제동 462
가즈아~~~~~~','https://www.youtube.com/watch?v=e-WFITI9P9U','@유쓸모-q3h','2025-09-22',70,'2026-03-07 13:45:13','null','null');
INSERT OR IGNORE INTO crawled_reviews (parking_lot_id,source,source_id,title,content,source_url,author,published_at,relevance_score,crawled_at,summary,is_positive) VALUES ('KA-20563023','youtube_comment','5ca7c27d9e8df138','[YouTube] 고민) 주차관리 알바하면 멘탈 갈린다..','난 어린이 과학관에서 봉사했는데 성인이 나 뿐이라 주차관리를 함 나는 좋은 마음으로 도와주러 온건데 할배,  아줌마들이 노골적으로 짜증내더라. 돈받고 하는것도 아니고 같이 화내니까 바로 사과하더라 ㅋㅋ 바로 꼬리내릴거면 처음부터 좀 잘하지','https://www.youtube.com/watch?v=eAcIc1BQBzA','@정찬서-j9k','2023-10-26',30,'2026-03-07 13:16:30','null','null');
INSERT OR IGNORE INTO crawled_reviews (parking_lot_id,source,source_id,title,content,source_url,author,published_at,relevance_score,crawled_at,summary,is_positive) VALUES ('NV-1272157670_375412772','youtube_comment','5dd78084f7f634dc','[YouTube] 주차장 도장 깨기 6탄! (신장동 현대 베스코아) 지하 주차장.','천호 대동피렌체건물 , 강남 신사 배제현 수제비집 건물 주차장 추천 드립니다 
특히 후자는 초보때 갔다가 진짜 등에 평생 흘릴 식은땀 한바가지 흘리면서 울다시피 겨우 내려가고 올라왔던 기억나네요  결국 사이드미러 긁으면소 올라온 ㅎ','https://www.youtube.com/watch?v=YPl6HBnw7OM','@주주-s6f','2021-07-31',90,'2026-03-07 13:45:21','null','null');
INSERT OR IGNORE INTO crawled_reviews (parking_lot_id,source,source_id,title,content,source_url,author,published_at,relevance_score,crawled_at,summary,is_positive) VALUES ('KA-20516447','youtube_comment','5e783e39c7218a63','[YouTube] 파스텔시티 주차장 출입구 문제 있어? 땅을 잘 못 파서 출입구가 S자가 됐지만 주차해 보겠습니다!','주차하는 법을 도주해님이 알려주세요','https://www.youtube.com/watch?v=8_P393MdyMk','@아따-e9j','2024-06-06',30,'2026-03-07 13:13:32','null','null');
INSERT OR IGNORE INTO crawled_reviews (parking_lot_id,source,source_id,title,content,source_url,author,published_at,relevance_score,crawled_at,summary,is_positive) VALUES ('KA-20563023','youtube_comment','60333697459ed550','[YouTube] 지하주차장 인성 레전드 #shorts','깜빡이 넣고 기다리는데 아무도 양보 안해주고 못 나오게 계속 차들이 붙어서 나오니 저런듯 한데...','https://www.youtube.com/watch?v=-_oYF4iQFzE','@장형철-o9l','2023-02-07',30,'2026-03-07 13:16:30','null','null');
INSERT OR IGNORE INTO crawled_reviews (parking_lot_id,source,source_id,title,content,source_url,author,published_at,relevance_score,crawled_at,summary,is_positive) VALUES ('NV-1271320844_376009718','youtube_comment','63066af9583ec0c6','[YouTube] 🚨지역 유명 범퍼파괴자! 한양대 구리병원 다녀왔다구리! 한양대학교 구리병원 지하주차장 완벽 리뷰!','0:31 구독안할수가 없네요~ㅋㅎ
그래도 다들 무사히 내려와 자리잡고있는 큰차들보면
왠지 고수의 품격이 느껴지네요~','https://www.youtube.com/watch?v=iszHm3Ay4N0','@산방구름','2019-10-03',30,'2026-03-07 13:16:35','null','null');
INSERT OR IGNORE INTO crawled_reviews (parking_lot_id,source,source_id,title,content,source_url,author,published_at,relevance_score,crawled_at,summary,is_positive) VALUES ('KA-20563023','youtube_comment','643e091e0e764cce','[YouTube] 알바할 때 젤 억울한 순간 #shorts','아 ㄹㅇ 이걸 욕해말어 개열받는데 일하랴 일가르치랴 힘들테니까 내가 참고 넘어가자한적 한두번 아니고...바빠서 못가르치는건 이해가는데 왜 아직도 못하냐 이런말은 진짜 억울함...','https://www.youtube.com/watch?v=eDhKYutrVmU','@rhego9130','2024-01-04',40,'2026-03-07 13:16:30','null','null');
INSERT OR IGNORE INTO crawled_reviews (parking_lot_id,source,source_id,title,content,source_url,author,published_at,relevance_score,crawled_at,summary,is_positive) VALUES ('NV-1271320844_376009718','youtube_comment','6550bf9a3eaa7afd','[YouTube] 🚨지역 유명 범퍼파괴자! 한양대 구리병원 다녀왔다구리! 한양대학교 구리병원 지하주차장 완벽 리뷰!','저번에"신비공주"라는 닉넴을 쓸때,경기도 수원 성빈센트병원 지하주차장(b2충~b5인가b7층인가) 제보 했던사람인데요?영상은 언제 올라오나요?오래 기다려야 하나요?도주해님...','https://www.youtube.com/watch?v=iszHm3Ay4N0','@12시에는현영공주','2019-10-02',30,'2026-03-07 13:16:35','null','null');
INSERT OR IGNORE INTO crawled_reviews (parking_lot_id,source,source_id,title,content,source_url,author,published_at,relevance_score,crawled_at,summary,is_positive) VALUES ('NV-1272157670_375412772','youtube_comment','6700e5563fbccf27','[YouTube] 개떡같은 상황에서는 Fun 하고, Cool 하고, Sexy 하게 대처해야 합니다. 하남 현대베스코아 지하주차장 리뷰','여기 경차 아닌분들이면 초행길일경우 굉장히 주차하기 힘드실거에요
쿠우쿠우 먹으러 갔다가 주차장 내려갈때는 그냥 그랬는데 올라올때 환장할뻔','https://www.youtube.com/watch?v=-px8ePSSMk8','@너도묻히고싶냐','2020-07-29',30,'2026-03-07 13:45:21','null','null');
INSERT OR IGNORE INTO crawled_reviews (parking_lot_id,source,source_id,title,content,source_url,author,published_at,relevance_score,crawled_at,summary,is_positive) VALUES ('NV-1269643862_375342322','youtube_comment','68c0f4a26de9e834','[YouTube] [남구준완][한글날 특집 영상-1] 잠원한신아파트 경광등, 주차장 내부 모음','잠원한신아파트 촬영 주차장 번호: 2번 => 3번 => 1번','https://www.youtube.com/watch?v=SthMuZUA7Ds','@성우진-k3l','2025-06-23',30,'2026-03-07 13:45:51','null','null');
INSERT OR IGNORE INTO crawled_reviews (parking_lot_id,source,source_id,title,content,source_url,author,published_at,relevance_score,crawled_at,summary,is_positive) VALUES ('KA-20563023','youtube_comment','6953008432b0bb32','[YouTube] &quot;주차 자리 찜 했어요&quot; 황당...차주가 보여준 &#39;사이다 반격&#39;? / KNN','운전하시는 분 존경합니다. 특히 이 말 "아줌마 같은 사람 싫으니깐 끝까지 가려고 그래요"  존경스럽습니다. 이 내용을 전 세계로.','https://www.youtube.com/watch?v=996yj30mkXo','@8.15liberal','2024-11-16',30,'2026-03-07 13:16:30','null','null');
INSERT OR IGNORE INTO crawled_reviews (parking_lot_id,source,source_id,title,content,source_url,author,published_at,relevance_score,crawled_at,summary,is_positive) VALUES ('KA-20563023','youtube_comment','69d1586a3b625e58','[YouTube] &quot;주차 자리 찜 했어요&quot; 황당...차주가 보여준 &#39;사이다 반격&#39;? / KNN','저런 인간 아직도 많음
며칠전  해안도로 주차장 들어가서 주차하는데
저 짓거리하고 있던 아줌마....
똑같이 대응하면 됩니다.','https://www.youtube.com/watch?v=996yj30mkXo','@구름-f1r3p','2024-11-16',30,'2026-03-07 13:16:30','null','null');
INSERT OR IGNORE INTO crawled_reviews (parking_lot_id,source,source_id,title,content,source_url,author,published_at,relevance_score,crawled_at,summary,is_positive) VALUES ('KA-20563023','youtube_comment','6a8bc4530fbce4c4','[YouTube] #791. 앞에서 딸이 사고나는 걸 본 어머니 #shorts','보행자가 다 건너기 전까지는 기다려야함
이건 운전자 과실','https://www.youtube.com/watch?v=elF3zSvMBDk','@주하-f2z','2025-01-20',30,'2026-03-07 13:16:30','null','null');
INSERT OR IGNORE INTO crawled_reviews (parking_lot_id,source,source_id,title,content,source_url,author,published_at,relevance_score,crawled_at,summary,is_positive) VALUES ('NV-1268470024_375305014','youtube_comment','6bc2e084da550606','[YouTube] 지옥 같은 주차장? 화곡심포니타워, 동양미래대학교','심포니타워 가봤는데 내려가는곳이 좁기는 하더군요
에스컬레이드로는 엄두는 안나네요 ㅋㅋ','https://www.youtube.com/watch?v=oWxht9L_NX0','@lsi0322','2022-08-31',40,'2026-03-07 13:45:51','null','null');
INSERT OR IGNORE INTO crawled_reviews (parking_lot_id,source,source_id,title,content,source_url,author,published_at,relevance_score,crawled_at,summary,is_positive) VALUES ('NV-1270533527_370804788','youtube_comment','6befbe2a9560d53c','[YouTube] 공영주차장이 얼마나 빡세길래 차를 버리고 나와야 할까? 평택국제중앙시장 제2공영주차장','주말 차 미어터질때 재도전 가즈아~','https://www.youtube.com/watch?v=AXsBVHDucxU','@vnfma7','2025-09-02',30,'2026-03-07 13:45:21','null','null');
INSERT OR IGNORE INTO crawled_reviews (parking_lot_id,source,source_id,title,content,source_url,author,published_at,relevance_score,crawled_at,summary,is_positive) VALUES ('KA-20563023','youtube_comment','6fb9a15dbbbfd78c','[YouTube] 불법주차 레전드','저거 소방관의 차 일껍니다..😅😅','https://www.youtube.com/watch?v=dAwdPqLygpA','@user-gb1kt5pv5e','2023-05-26',30,'2026-03-07 13:16:30','null','null');
INSERT OR IGNORE INTO crawled_reviews (parking_lot_id,source,source_id,title,content,source_url,author,published_at,relevance_score,crawled_at,summary,is_positive) VALUES ('NV-1272157670_375412772','youtube_comment','73226c88605194c1','[YouTube] 개떡같은 상황에서는 Fun 하고, Cool 하고, Sexy 하게 대처해야 합니다. 하남 현대베스코아 지하주차장 리뷰','제가 볼 땐 주차하지말라고 돌을 놔둔거 같네요..상상을 초월하는 진상주차러들이 항상 있으니까요','https://www.youtube.com/watch?v=-px8ePSSMk8','@리펄스베이-b4j','2020-05-20',30,'2026-03-07 13:45:21','null','null');
INSERT OR IGNORE INTO crawled_reviews (parking_lot_id,source,source_id,title,content,source_url,author,published_at,relevance_score,crawled_at,summary,is_positive) VALUES ('NV-1270533527_370804788','youtube_comment','7418bff70bf00671','[YouTube] 공영주차장이 얼마나 빡세길래 차를 버리고 나와야 할까? 평택국제중앙시장 제2공영주차장','이번주말에 다녀왔는데 꽉 차있었는데 차가 그리크지도않은데 회전반경이고 뭐고 돌릴수도없고 ㅋㅋㅋㅋ헬이었습니다 핸들만 돌리다가 팔아팠어요 ㅋㅋㅋ','https://www.youtube.com/watch?v=AXsBVHDucxU','@zzz_a0','2025-09-02',70,'2026-03-07 13:45:21','null','null');
INSERT OR IGNORE INTO crawled_reviews (parking_lot_id,source,source_id,title,content,source_url,author,published_at,relevance_score,crawled_at,summary,is_positive) VALUES ('NV-1268767457_375321777','youtube_comment','7454da8f3daf8158','[YouTube] 목동 주민들이 모두가 추천 했던 극악난이도 주차장 목동 트윈빌,토다이,부영2차,현대월드타워','저도 한번씩 거쳐간 주차장이네용 😂 목동 ....','https://www.youtube.com/watch?v=e-WFITI9P9U','@루루앰버','2025-09-22',30,'2026-03-07 13:45:13','null','null');
INSERT OR IGNORE INTO crawled_reviews (parking_lot_id,source,source_id,title,content,source_url,author,published_at,relevance_score,crawled_at,summary,is_positive) VALUES ('NV-1271320844_376009718','youtube_comment','77fda3fbe1cbf90a','[YouTube] 🚨지역 유명 범퍼파괴자! 한양대 구리병원 다녀왔다구리! 한양대학교 구리병원 지하주차장 완벽 리뷰!','부천 현대백화점이요!

자동차놀이터로 추천드려요 ㅎㅎ
B6까지 전체 탐험 부탁드립니다.','https://www.youtube.com/watch?v=iszHm3Ay4N0','@어몽어스-s5s','2019-10-02',50,'2026-03-07 13:16:35','null','null');
INSERT OR IGNORE INTO crawled_reviews (parking_lot_id,source,source_id,title,content,source_url,author,published_at,relevance_score,crawled_at,summary,is_positive) VALUES ('KA-20563023','youtube_comment','7d09166fe86e62c2','[YouTube] 주차하려다 식당 돌진…신호대기 추돌 뒤 도주 (2021.04.17/뉴스투데이/MBC)','도망가면 음주운전걸리거보다 더 처벌을 강하게함 되는걸','https://www.youtube.com/watch?v=g6nD3hXIM1o','@채니찬','2021-04-16',30,'2026-03-07 13:16:30','null','null');
INSERT OR IGNORE INTO crawled_reviews (parking_lot_id,source,source_id,title,content,source_url,author,published_at,relevance_score,crawled_at,summary,is_positive) VALUES ('NV-1270533527_370804788','youtube_comment','7dac664ffbe24ce9','[YouTube] 공영주차장이 얼마나 빡세길래 차를 버리고 나와야 할까? 평택국제중앙시장 제2공영주차장','진짜 여기는 주말에 주차관리하시는분 안계실때 가야지 지옥이 펼쳐집니다. 올라가는차 내려가는차 섞여서 크게 돌리것부터 힘들어지죠','https://www.youtube.com/watch?v=AXsBVHDucxU','@kanghk','2025-09-02',70,'2026-03-07 13:45:21','null','null');
INSERT OR IGNORE INTO crawled_reviews (parking_lot_id,source,source_id,title,content,source_url,author,published_at,relevance_score,crawled_at,summary,is_positive) VALUES ('NV-1272157670_375412772','youtube_comment','814975f1fbb4189f','[YouTube] 개떡같은 상황에서는 Fun 하고, Cool 하고, Sexy 하게 대처해야 합니다. 하남 현대베스코아 지하주차장 리뷰','어후..제발 쇼핑하러 오지 말라는 의도로 만든 주차장이군요.','https://www.youtube.com/watch?v=-px8ePSSMk8','@깐돌이08','2020-05-20',30,'2026-03-07 13:45:21','null','null');
INSERT OR IGNORE INTO crawled_reviews (parking_lot_id,source,source_id,title,content,source_url,author,published_at,relevance_score,crawled_at,summary,is_positive) VALUES ('NV-1272157670_375412772','youtube_comment','82db0eb4c0452580','[YouTube] 주차장 도장 깨기 6탄! (신장동 현대 베스코아) 지하 주차장.','한번쯤 긁어먹을곳만 다니는데 매번클리어하는거보면 운전존내잘함ㅋㅋㅋ','https://www.youtube.com/watch?v=YPl6HBnw7OM','@donlee0901','2021-07-31',70,'2026-03-07 13:45:21','null','null');
INSERT OR IGNORE INTO crawled_reviews (parking_lot_id,source,source_id,title,content,source_url,author,published_at,relevance_score,crawled_at,summary,is_positive) VALUES ('NV-1271320844_376009718','youtube_comment','862ab2af8ea87cd0','[YouTube] 역대급 추천수 무려 20명이 강력 추천한 구리 한양대 병원 주차장 이거 실화?','진짜 주차장입구좀 생각하고 만들면 좋겠네😢
저런 주차장은 나도 쫄려서 식은땀날듯
아반떼는 쉬울듯','https://www.youtube.com/watch?v=k2NH3yAzFZU','@후추곱창','2024-11-08',50,'2026-03-07 13:16:35','null','null');
INSERT OR IGNORE INTO crawled_reviews (parking_lot_id,source,source_id,title,content,source_url,author,published_at,relevance_score,crawled_at,summary,is_positive) VALUES ('NV-1269855603_373953689','youtube_comment','87fc5222fe7229b4','[YouTube] 충돌위험! 후진으로 입차하라는 주차장?! 포레스타타워','아니 이걸 어떻게 읽어야 후진으로 입차로 보일까요..ㅎㅎ','https://www.youtube.com/watch?v=HYFHIGpiDUw','@파비앙-x2u','2023-10-19',30,'2026-03-07 13:45:51','null','null');
INSERT OR IGNORE INTO crawled_reviews (parking_lot_id,source,source_id,title,content,source_url,author,published_at,relevance_score,crawled_at,summary,is_positive) VALUES ('NV-1269855603_373953689','youtube_comment','88db1cccdf49a391','[YouTube] 충돌위험! 후진으로 입차하라는 주차장?! 포레스타타워','제가 연석에 한번 올라탄뒤로 지하주차장 트라우마가 생겨서 입구가 협소하면 피하게 되는데 요즘 10시10분님 보면서 간접 트라우마 극복하고있습니다 항상 감탄스럽습니다!','https://www.youtube.com/watch?v=HYFHIGpiDUw','@고릴라-j8d','2023-10-19',30,'2026-03-07 13:45:51','null','null');
INSERT OR IGNORE INTO crawled_reviews (parking_lot_id,source,source_id,title,content,source_url,author,published_at,relevance_score,crawled_at,summary,is_positive) VALUES ('NV-1271320844_376009718','youtube_comment','8e5a782dad465748','[YouTube] 🚨지역 유명 범퍼파괴자! 한양대 구리병원 다녀왔다구리! 한양대학교 구리병원 지하주차장 완벽 리뷰!','예전엔 차가 좀 작았는데
요즘은 차가 점점 커지는 추세라.. ㅎㅎㅎ
점점더 초보 분들에겐 어려워 질뜻','https://www.youtube.com/watch?v=iszHm3Ay4N0','@NO-uc6jx','2021-08-21',70,'2026-03-07 13:16:35','null','null');
INSERT OR IGNORE INTO crawled_reviews (parking_lot_id,source,source_id,title,content,source_url,author,published_at,relevance_score,crawled_at,summary,is_positive) VALUES ('NV-1272157670_375412772','youtube_comment','90f9ee82569704ff','[YouTube] 개떡같은 상황에서는 Fun 하고, Cool 하고, Sexy 하게 대처해야 합니다. 하남 현대베스코아 지하주차장 리뷰','펀쿨섹차네욬ㅋㅋ ㅋㅋㅋㅋㅋㅋㅋ','https://www.youtube.com/watch?v=-px8ePSSMk8','@콜드안','2020-05-20',30,'2026-03-07 13:45:21','null','null');
INSERT OR IGNORE INTO crawled_reviews (parking_lot_id,source,source_id,title,content,source_url,author,published_at,relevance_score,crawled_at,summary,is_positive) VALUES ('NV-1270516135_375056900','youtube_comment','92971c59e1fc9fdb','[YouTube] 주차장에서 크게 돌다가 타스만 긁었습니다. 강남 L7 호텔','긁었다는말에 달려왔습니다','https://www.youtube.com/watch?v=CGuMy4orZIE','@꼬실이-y4z','2025-08-17',40,'2026-03-07 13:45:51','null','null');
INSERT OR IGNORE INTO crawled_reviews (parking_lot_id,source,source_id,title,content,source_url,author,published_at,relevance_score,crawled_at,summary,is_positive) VALUES ('KA-20563023','youtube_comment','98b6e5cfd5ed3d6a','[YouTube] 고민) 주차관리 알바하면 멘탈 갈린다..','난 인생이 욕먹는 처지라  주차관리알바는 저한테 천직이에요 !','https://www.youtube.com/watch?v=eAcIc1BQBzA','@blueberry0111','2024-12-25',30,'2026-03-07 13:16:30','null','null');
INSERT OR IGNORE INTO crawled_reviews (parking_lot_id,source,source_id,title,content,source_url,author,published_at,relevance_score,crawled_at,summary,is_positive) VALUES ('KA-20563023','youtube_comment','99029be7353c768a','[YouTube] 주차하려다 식당 돌진…신호대기 추돌 뒤 도주 (2021.04.17/뉴스투데이/MBC)','음주운전 말고 이유 없다.','https://www.youtube.com/watch?v=g6nD3hXIM1o','@냥코센세-u1c','2021-04-17',30,'2026-03-07 13:16:30','null','null');
INSERT OR IGNORE INTO crawled_reviews (parking_lot_id,source,source_id,title,content,source_url,author,published_at,relevance_score,crawled_at,summary,is_positive) VALUES ('NV-1269749151_375637067','youtube_comment','99694db14f7af862','[YouTube] 🚫C커뮤니티, D동호회 최악의 주차장 1위! 서소문 시청역 한화빌딩 찢김주의 주차장 리뷰(feat.소확행)','ㅋㅋㅋㅋㅋㅋ너무 어이가 없어서
웃음이 나오네요😂😂
이래서 주차비가 저렴한가봐요','https://www.youtube.com/watch?v=Tj3A0IokHSk','@junglim0829','2019-11-28',30,'2026-03-07 13:45:13','null','null');
INSERT OR IGNORE INTO crawled_reviews (parking_lot_id,source,source_id,title,content,source_url,author,published_at,relevance_score,crawled_at,summary,is_positive) VALUES ('KA-20516447','youtube_comment','99e31f3c3ad3977b','[YouTube] 파스텔시티 주차장 출입구 문제 있어? 땅을 잘 못 파서 출입구가 S자가 됐지만 주차해 보겠습니다!','오~ 경사로는 올라오는 힘으로 안전하게.. 하나 배웠어요... 
커브돌때 연석이 증말 무서워요... 
도주해님 운전하는 모습 자주 보여주세요~😍','https://www.youtube.com/watch?v=8_P393MdyMk','@까꿍-q8t','2020-08-05',70,'2026-03-07 13:13:32','null','null');
INSERT OR IGNORE INTO crawled_reviews (parking_lot_id,source,source_id,title,content,source_url,author,published_at,relevance_score,crawled_at,summary,is_positive) VALUES ('NV-1272157670_375412772','youtube_comment','a22cb4712b841e8e','[YouTube] 개떡같은 상황에서는 Fun 하고, Cool 하고, Sexy 하게 대처해야 합니다. 하남 현대베스코아 지하주차장 리뷰','조금만 생각해 달랰ㅋㅋ  주차장 말뚝 잘 못하다가는 훅 가겠네요!!','https://www.youtube.com/watch?v=-px8ePSSMk8','@선녀와난후끈-j1e','2020-05-20',30,'2026-03-07 13:45:21','null','null');
INSERT OR IGNORE INTO crawled_reviews (parking_lot_id,source,source_id,title,content,source_url,author,published_at,relevance_score,crawled_at,summary,is_positive) VALUES ('KA-20563023','youtube_comment','a2f42b66718ffd68','[YouTube] 최악의 골뱅이 주차장에 가다!!#shorts','빡센 골뱅이주차장 가면 진짜 차 좋은것도 다 필요없고 뒤에 경차가 바짝 뒤 붙으면서 압박 주는거 보면 작은차가 짱이라는걸 생각들게 됨...','https://www.youtube.com/watch?v=E1dPmNJc1Ho','@김지훈-x5g4g','2023-10-03',70,'2026-03-07 13:16:30','null','null');
INSERT OR IGNORE INTO crawled_reviews (parking_lot_id,source,source_id,title,content,source_url,author,published_at,relevance_score,crawled_at,summary,is_positive) VALUES ('NV-1268470024_375305014','youtube_comment','a484ecdf3612a859','[YouTube] 지옥 같은 주차장? 화곡심포니타워, 동양미래대학교','월곶역 앞 승윤노블리안시티 들어가시면 못나오실듯... 진짜 개지리는 주차장임.......','https://www.youtube.com/watch?v=oWxht9L_NX0','@minupong','2022-09-03',30,'2026-03-07 13:45:51','null','null');
INSERT OR IGNORE INTO crawled_reviews (parking_lot_id,source,source_id,title,content,source_url,author,published_at,relevance_score,crawled_at,summary,is_positive) VALUES ('NV-1272157670_375412772','youtube_comment','a5d8c85de312abed','[YouTube] 주차장 도장 깨기 6탄! (신장동 현대 베스코아) 지하 주차장.','경기도 하남시 신장동에 위치한 "현대 베스코아" 지하 주차장 도장 깨기 영상입니다.^^ 제보해 주신 최경환 님 감사드립니다. 앞으로도 더욱 스릴있고 즐거운 영상을 만들기 위해 압 범퍼 작살날때 까지 도장깨기 들어가겠습니다. 많이 응원해 주시고 "좋아요"와 "구독"
은 저에게 큰 힘이 됩니다.^^♥','https://www.youtube.com/watch?v=YPl6HBnw7OM','@이스케이프코리아-w5q','2021-07-31',30,'2026-03-07 13:45:21','null','null');
INSERT OR IGNORE INTO crawled_reviews (parking_lot_id,source,source_id,title,content,source_url,author,published_at,relevance_score,crawled_at,summary,is_positive) VALUES ('NV-1270451516_372595860','youtube_comment','a73628a2eebe6948','[YouTube] 네이버에 주차헬이라고 나온다는 동탄출장소 그린파킹파크','동탄 사람인데 주차하면서 어렵다는 생각 단 한번도 해본적 없는 곳인데 10시10분님 시간이 낭비된것 같아 아쉽네요','https://www.youtube.com/watch?v=hcj4AXIzyUQ','@IIIlllIllIlllIIl','2023-10-17',30,'2026-03-07 13:45:51','null','null');
INSERT OR IGNORE INTO crawled_reviews (parking_lot_id,source,source_id,title,content,source_url,author,published_at,relevance_score,crawled_at,summary,is_positive) VALUES ('NV-1272157670_375412772','youtube_comment','a7b8064706e0cc51','[YouTube] 개떡같은 상황에서는 Fun 하고, Cool 하고, Sexy 하게 대처해야 합니다. 하남 현대베스코아 지하주차장 리뷰','근 25년동안 입,출구가 5번정도 바뀐 요상한 건물이라서 가끔씩 역주행으로 올라오는 차량도 종종있습니다 정신 안차리면 사고나기 딱좋은건물이예요','https://www.youtube.com/watch?v=-px8ePSSMk8','@sdk-id4sv','2020-05-29',30,'2026-03-07 13:45:21','null','null');
INSERT OR IGNORE INTO crawled_reviews (parking_lot_id,source,source_id,title,content,source_url,author,published_at,relevance_score,crawled_at,summary,is_positive) VALUES ('NV-1270533527_370804788','youtube_comment','a9097793bd91183d','[YouTube] 사이버트럭 타고 주말 만차 평택국제중앙시장제2공영주차장 들어가기','보통 사람은 주차하기 어렵겠네요 그런데 손가락으로 전진 후진 아 답없네요','https://www.youtube.com/watch?v=pKLUlf5hN00','@원신-m6h','2025-11-09',30,'2026-03-07 13:45:21','null','null');
INSERT OR IGNORE INTO crawled_reviews (parking_lot_id,source,source_id,title,content,source_url,author,published_at,relevance_score,crawled_at,summary,is_positive) VALUES ('NV-1267337295_375080801','youtube_comment','aa9395cff8012b3e','[YouTube] 인천 아파트는 여기를 사야 3년안에 웃습니다','혼자살고 예산에 제한이 있어서 산곡 쌍용(청진동), 부평시장 욱일, 부개 대동 중에 하나 알아보고 있습니다. 
직장이 명동쪽이라 더 멀리는 어려울거 같아요. 1시간 정도로 출퇴근 가능 한 곳만 알아보는 중이라서요. 
어디가 괜찮을까요?','https://www.youtube.com/watch?v=HqPKjzBHjVo','@hongchristin','2026-01-01',40,'2026-03-07 13:45:51','null','null');
INSERT OR IGNORE INTO crawled_reviews (parking_lot_id,source,source_id,title,content,source_url,author,published_at,relevance_score,crawled_at,summary,is_positive) VALUES ('NV-1270533527_370804788','youtube_comment','aab31886c9a5c6a5','[YouTube] 공영주차장이 얼마나 빡세길래 차를 버리고 나와야 할까? 평택국제중앙시장 제2공영주차장','이런 주차장은 주말에가야 의미가 있지','https://www.youtube.com/watch?v=AXsBVHDucxU','@rickypagew5785','2025-09-02',30,'2026-03-07 13:45:21','null','null');
INSERT OR IGNORE INTO crawled_reviews (parking_lot_id,source,source_id,title,content,source_url,author,published_at,relevance_score,crawled_at,summary,is_positive) VALUES ('NV-1268767457_375321777','youtube_comment','aae581af08e076e4','[YouTube] 전면 후면 평행 주차 어셈블! 목동 현대백화점, 주차장 맛집으로 고고고!!','안녕하세요. :) 목동 현대 백화점 영상은 잘 보셨나요? 주차장 이용 시, 목동 일방 통행 관련해 구독자분들의 꿀팁이 있다면 댓글로 의견 공유해요~^^ 

그리고 도주해가 꼭 가봤으면 하는 주차장, 교차로가 있다면 댓글로 남겨주세요. 고맙습니다.','https://www.youtube.com/watch?v=v_7kqBueOf4','@dozuhae','2019-05-11',30,'2026-03-07 13:45:13','null','null');
INSERT OR IGNORE INTO crawled_reviews (parking_lot_id,source,source_id,title,content,source_url,author,published_at,relevance_score,crawled_at,summary,is_positive) VALUES ('NV-1270533527_370804788','youtube_comment','ab371e6a4dea4aaa','[YouTube] 사이버트럭 타고 주말 만차 평택국제중앙시장제2공영주차장 들어가기','회장님 긁으면 답없는거 아시죠? ㅋ 암튼 항상 잘보고 있습니다!','https://www.youtube.com/watch?v=pKLUlf5hN00','@marcc6316','2025-11-09',40,'2026-03-07 13:45:21','null','null');
INSERT OR IGNORE INTO crawled_reviews (parking_lot_id,source,source_id,title,content,source_url,author,published_at,relevance_score,crawled_at,summary,is_positive) VALUES ('NV-1270451516_372595860','youtube_comment','acf8ad8bd0b13bcc','[YouTube] 네이버에 주차헬이라고 나온다는 동탄출장소 그린파킹파크','와 주차비 나올줄 알았는데 대박 이정도면 합격이네요','https://www.youtube.com/watch?v=hcj4AXIzyUQ','@제니스-i9y','2023-10-13',30,'2026-03-07 13:45:51','null','null');
INSERT OR IGNORE INTO crawled_reviews (parking_lot_id,source,source_id,title,content,source_url,author,published_at,relevance_score,crawled_at,summary,is_positive) VALUES ('KA-20563023','youtube_comment','afe6cc88e8b5e281','[YouTube] 수십 대 주차비 &#39;0원&#39; 기막힌 출차 수법 #shorts / KBS','사기꾼들이네
이런 꼼수로 사는 인간들...
이건 벌금을 대폭 때려야 된다.
여태 공짜 주차해 먹은것 일시불로
다 지불하게 해야한다.','https://www.youtube.com/watch?v=kD29dzivnxA','@참솔나무user-qi9fd2eg9j','2023-02-07',30,'2026-03-07 13:16:30','null','null');
INSERT OR IGNORE INTO crawled_reviews (parking_lot_id,source,source_id,title,content,source_url,author,published_at,relevance_score,crawled_at,summary,is_positive) VALUES ('NV-1267627931_376919190','youtube_comment','b1b9b95ba5578294','[YouTube] 대구 동아백화점 수성점 본관 B5~9층 운행용 B구간 승객용호기 리모델링전 후지테크엘리베이터 탑사기(2016.01.05 촬영)','B5~B3층이 주차장이군요','https://www.youtube.com/watch?v=9kr_xEAciKE','@조선제일검-josun','2020-01-31',30,'2026-03-07 13:45:13','null','null');
INSERT OR IGNORE INTO crawled_reviews (parking_lot_id,source,source_id,title,content,source_url,author,published_at,relevance_score,crawled_at,summary,is_positive) VALUES ('NV-1272157670_375412772','youtube_comment','b3c726f95b632d7c','[YouTube] 주차장 도장 깨기 6탄! (신장동 현대 베스코아) 지하 주차장.','지하6층에 주차한 차가 없을줄 알았는데 있네? 역시 숨은 고수들이 어디나 존재함 ㅋㅋ','https://www.youtube.com/watch?v=YPl6HBnw7OM','@파라다이스-o3o','2021-08-06',30,'2026-03-07 13:45:21','null','null');
INSERT OR IGNORE INTO crawled_reviews (parking_lot_id,source,source_id,title,content,source_url,author,published_at,relevance_score,crawled_at,summary,is_positive) VALUES ('NV-1272157670_375412772','youtube_comment','b5b6e3afccfc4f76','[YouTube] 개떡같은 상황에서는 Fun 하고, Cool 하고, Sexy 하게 대처해야 합니다. 하남 현대베스코아 지하주차장 리뷰','현대베스코아...ㅋㅋ 주차장 올라가고 내려가기 힘들죠 입출구 위치가 또 바뀌었네요. 근데 주차장에서 올라올 때 바로 우회전하지 않고 조금 직진하면 우회전해서 돌아가는 길이 있는데..거기가 ㄹㅇ 헬입니다. 너무 좁아서 모서리 벽을 부셨다는... 그것말고도 저 주차장 지하6층에는 지금은 쓰지않는 엄청 오래된 엘리베이터식 자동 주차기도 두댄가 세댄가 있습니다. 여러모로 대단한 건물이지요.. 여튼 잘봤습니다. 자주가는 곳이라 웬지 주차장 전문 리뷰어라면 다녀오셨을거라 생각했는데 일찌감치 다녀오셨네요','https://www.youtube.com/watch?v=-px8ePSSMk8','@melonnim','2020-06-23',70,'2026-03-07 13:45:21','null','null');
INSERT OR IGNORE INTO crawled_reviews (parking_lot_id,source,source_id,title,content,source_url,author,published_at,relevance_score,crawled_at,summary,is_positive) VALUES ('KA-20563023','youtube_comment','b5ec917161d8f6ea','[YouTube] 춘천특집) 아 사이드 미러를 긁어버렸네....하!!! 춘천 인성병원 , 스타벅스 춘천 온의점','아 온의 스타벅스 제보 할려고 했는데 이미 가셨었군요ㅋㅋ 지하 2층 내려갔다가 차꽉차면 에스컬레이드 큰일날텐데요..
아 차가 한대도 없었네요.. 아쉽네요ㅋㅋ','https://www.youtube.com/watch?v=EKIabmoAs48','@레디테일링','2024-02-27',30,'2026-03-07 13:16:30','null','null');
INSERT OR IGNORE INTO crawled_reviews (parking_lot_id,source,source_id,title,content,source_url,author,published_at,relevance_score,crawled_at,summary,is_positive) VALUES ('NV-1271320844_376009718','youtube_comment','b77746638842136b','[YouTube] (6탄) 대학병원 주차장이 이러면 어떻게 합니까?? 구리 한양대병원 지하주차장 / 제네시스 GV80 주차장 도전영상 #PTSD','여기 GLE53 끌고갓다 간신히 빠져나와서 진땀뺏던 기억이...어머니가 여기 입원하셔서 자주 가게됏는데 그 뒤로 외부 유료주차장에 주차햇음 다시 지하주차장에 도전할 자신이 없어서 ㅠ','https://www.youtube.com/watch?v=ThhHrsX0aCk','@b.rfmm4981','2023-10-01',30,'2026-03-07 13:16:35','null','null');
INSERT OR IGNORE INTO crawled_reviews (parking_lot_id,source,source_id,title,content,source_url,author,published_at,relevance_score,crawled_at,summary,is_positive) VALUES ('KA-20563023','youtube_comment','ba1f0a6065c72881','[YouTube] 수백 명의 지원자가 몰린 정규직! 주차관리원?!','연대경영에 대기업 주임 대리 과장 상무까지 한사람이 주차요원지원을 하다니 ㄷㄷㄷㄷㄷㄷㄷㄷㄷㄷㄷㄷㄷ진짜 이게 현실이다 나이먹으면 받아주는데가 없으니 젊은날에 얼마나 날고기어도 고작 주차요원 경비에도 뽑힐려고 얼마나 아둥바둥 사는지','https://www.youtube.com/watch?v=goUr_VTwKbs','@소고기-n6x','2022-04-30',30,'2026-03-07 13:16:30','null','null');
INSERT OR IGNORE INTO crawled_reviews (parking_lot_id,source,source_id,title,content,source_url,author,published_at,relevance_score,crawled_at,summary,is_positive) VALUES ('NV-1269749151_375637067','youtube_comment','bd6b4d610f6f2622','[YouTube] 🚫C커뮤니티, D동호회 최악의 주차장 1위! 서소문 시청역 한화빌딩 찢김주의 주차장 리뷰(feat.소확행)','70년대 지어진 빌딩이라 (1979년) 당시에 브리사, 포니 같은 차들을 기준으로 설계된거 같네요... 80년대 건물들은 백화점, 호텔 이런 건물 제외하고는 저런 일반건물은 입구가 좁은 건물이 많습니다.','https://www.youtube.com/watch?v=Tj3A0IokHSk','@레츠고_wr7','2020-08-12',70,'2026-03-07 13:45:13','null','null');
INSERT OR IGNORE INTO crawled_reviews (parking_lot_id,source,source_id,title,content,source_url,author,published_at,relevance_score,crawled_at,summary,is_positive) VALUES ('KA-20563023','youtube_comment','befc8577c63cda16','[YouTube] 연석이 와 1M로 되어있으면ㅋㅋㅋ긁으라는거죠? 구로구 오퍼스1 지하주차장 에스컬레이드로 주차하기','아파트에 이중주차가 심해서 비좁은곳을 직각으로 돌아야 하는 곳이 많은데 이 채널 보고난 이후로 나도 모르게 10시 10분형 처럼 혼잣말로 크게돌기 협회 ㅇㅈㄹ하는 제 자신을 발견했습니다','https://www.youtube.com/watch?v=FdFQiFAtJQA','@humba1352','2023-10-10',70,'2026-03-07 13:16:30','null','null');
INSERT OR IGNORE INTO crawled_reviews (parking_lot_id,source,source_id,title,content,source_url,author,published_at,relevance_score,crawled_at,summary,is_positive) VALUES ('NV-1271320844_376009718','youtube_comment','c0eb08b33761f6ff','[YouTube] 역대급 추천수 무려 20명이 강력 추천한 구리 한양대 병원 주차장 이거 실화?','여기 그랜져ig로 갔는데 지하주차장 내리자마자 뭔가 쎄해서 확인해봤는데 ㅅㅂ 차 긁혀있었음 ㅋㅋㅋㅋ존나 얼탱이없더라','https://www.youtube.com/watch?v=k2NH3yAzFZU','@dogdriper-drip','2024-11-05',70,'2026-03-07 13:16:35','null','null');
INSERT OR IGNORE INTO crawled_reviews (parking_lot_id,source,source_id,title,content,source_url,author,published_at,relevance_score,crawled_at,summary,is_positive) VALUES ('NV-1270533527_370804788','youtube_comment','c12fdb9d21beaaf4','[YouTube] 공영주차장이 얼마나 빡세길래 차를 버리고 나와야 할까? 평택국제중앙시장 제2공영주차장','진짜 꼭대기 회차공간이 없네','https://www.youtube.com/watch?v=AXsBVHDucxU','@Supernovapose','2025-09-02',30,'2026-03-07 13:45:21','null','null');
INSERT OR IGNORE INTO crawled_reviews (parking_lot_id,source,source_id,title,content,source_url,author,published_at,relevance_score,crawled_at,summary,is_positive) VALUES ('138-4-000066','youtube_comment','c1d06590f52df96e','[YouTube] 해운대 암소갈비 앞 폭행현장 2020/8/8  3시반','현장에 있던사람(야구빠따 뺏은) 입니다.
일행들이랑 밥먹고 지나가는데,
앞에 차가 도로로 진입하는데 (우회전) 대기하고있던 상황이었습니다.그런데 빨리 안간다고 뒷차가 빵빵 여러번하다가(벤츠 or아우디) 내려서 앞차 운전석문을 열고 욕을 시전합니다. 그러고 문을 쾅닫고 나오는데 어린친구(앞차주 아들로 예상)가 내려서 저 아재와 시비가 붙었고 감정이격해져 갑자기 서로 주먹다짐을 시작. 그러다 아재가 트렁크에서 빠따꺼냄 휘두르려는거 그거보고 가서 뺏었어요-

제3자의 입장에서 빠따아재가 개새낍니다 분조장있는듯.','https://www.youtube.com/watch?v=D-Wt-ziVjeY','@superyd','2024-09-09',70,'2026-03-07 13:11:01','null','null');
INSERT OR IGNORE INTO crawled_reviews (parking_lot_id,source,source_id,title,content,source_url,author,published_at,relevance_score,crawled_at,summary,is_positive) VALUES ('NV-1270516135_375056900','youtube_comment','c364d44c887c8e48','[YouTube] 주차장에서 크게 돌다가 타스만 긁었습니다. 강남 L7 호텔','긁었다길래 빛의 속도로 달려왔습니다. 모두들 오고 계시죠?','https://www.youtube.com/watch?v=CGuMy4orZIE','@TRAVIS-b8z3v','2025-08-17',40,'2026-03-07 13:45:51','null','null');
INSERT OR IGNORE INTO crawled_reviews (parking_lot_id,source,source_id,title,content,source_url,author,published_at,relevance_score,crawled_at,summary,is_positive) VALUES ('NV-1270516135_375056900','youtube_comment','c71fa458215bcec6','[YouTube] 에스컬레이드 타고 강남 롯데 L7호텔 주차장 도전하기','1:44 형 오늘 텐션 쥑이네~ 오rrrrrr토바이 운전자 진짜 킹받네~ 우리 형 성공했는데 그치? 아주 형 이제 주차장 탐방 유튜버로 자리 잡은거야?ㅋㅋㅋㅋ','https://www.youtube.com/watch?v=3NwUMgFaEc0','@heojun9','2021-09-28',30,'2026-03-07 13:45:51','null','null');
INSERT OR IGNORE INTO crawled_reviews (parking_lot_id,source,source_id,title,content,source_url,author,published_at,relevance_score,crawled_at,summary,is_positive) VALUES ('KA-20563023','youtube_comment','c76e5698ae90c9f1','[YouTube] 엄태웅 시비의 시작영상','으악 죽이는거 자체가 무논리로 공포조장인데, 그 공포를 깨는 폭력적인 논리가가 등장하면 그냥 바로 ㅈ밥 되는기라.. 조폭들 으악 죽일때 mma 선수데려가서 그래서 1:1로 맞짱 뜨실래요? 하면 바로 저 돼지마냥 쩝쩝댈 수밖에 없는거임. 결국 저들의 정체성이 폭력이기 때매','https://www.youtube.com/watch?v=AB4J0sDrYS8','@millertom-h1f','2025-11-24',40,'2026-03-07 13:16:30','null','null');
INSERT OR IGNORE INTO crawled_reviews (parking_lot_id,source,source_id,title,content,source_url,author,published_at,relevance_score,crawled_at,summary,is_positive) VALUES ('KA-20516447','youtube_comment','c7b98cfbef169932','[YouTube] 파스텔시티 주차장 출입구 문제 있어? 땅을 잘 못 파서 출입구가 S자가 됐지만 주차해 보겠습니다!','운전하는 거 잘 봤습니다 저희 아내는 주차를 아주 넓게 했습니다','https://www.youtube.com/watch?v=8_P393MdyMk','@아따-e9j','2024-06-06',50,'2026-03-07 13:13:32','null','null');
INSERT OR IGNORE INTO crawled_reviews (parking_lot_id,source,source_id,title,content,source_url,author,published_at,relevance_score,crawled_at,summary,is_positive) VALUES ('KA-20563023','youtube_comment','ca5f32d76dbf77fd','[YouTube] 연석이 와 1M로 되어있으면ㅋㅋㅋ긁으라는거죠? 구로구 오퍼스1 지하주차장 에스컬레이드로 주차하기','컨텐츠 잘 보고있습니다. 가능하시면 선릉역 현대 아남타워 주차장도 한번 부탁드립니다 ㅎㅎ 저번에 대리기사님한테 출차 부탁드렸더니 거절 당했었습니다.','https://www.youtube.com/watch?v=FdFQiFAtJQA','@user-ib1yz1gi2t','2023-10-10',30,'2026-03-07 13:16:30','null','null');
INSERT OR IGNORE INTO crawled_reviews (parking_lot_id,source,source_id,title,content,source_url,author,published_at,relevance_score,crawled_at,summary,is_positive) VALUES ('NV-1270451516_372595860','youtube_comment','cb21d19865af8bd1','[YouTube] 네이버에 주차헬이라고 나온다는 동탄출장소 그린파킹파크','우와 저희 동네 댓글이 채택되서 너무 기뻐요!! 저기가 진짜 힘들다 생각했는데… 너무 운전 잘하세요','https://www.youtube.com/watch?v=hcj4AXIzyUQ','@희이-v6p','2023-10-14',70,'2026-03-07 13:45:51','null','null');
INSERT OR IGNORE INTO crawled_reviews (parking_lot_id,source,source_id,title,content,source_url,author,published_at,relevance_score,crawled_at,summary,is_positive) VALUES ('KA-20563023','youtube_comment','cc473193ccca6334','[YouTube] #791. 앞에서 딸이 사고나는 걸 본 어머니 #shorts','우회전할때 신호등 켜져있어서 기다리는데 뒷차가 빵빵 거리면 죽이고 싶음.
기다리는게 맞음.
지나가다가 사고내면 내잘못 100%임','https://www.youtube.com/watch?v=elF3zSvMBDk','@Fullssun-y4m','2022-05-05',70,'2026-03-07 13:16:30','null','null');
INSERT OR IGNORE INTO crawled_reviews (parking_lot_id,source,source_id,title,content,source_url,author,published_at,relevance_score,crawled_at,summary,is_positive) VALUES ('NV-1268767457_375321777','youtube_comment','cd9520dd35b5c11f','[YouTube] 전면 후면 평행 주차 어셈블! 목동 현대백화점, 주차장 맛집으로 고고고!!','넓은 주차장 출입구','https://www.youtube.com/watch?v=v_7kqBueOf4','@koreaplus1000','2024-12-20',50,'2026-03-07 13:45:13','null','null');
INSERT OR IGNORE INTO crawled_reviews (parking_lot_id,source,source_id,title,content,source_url,author,published_at,relevance_score,crawled_at,summary,is_positive) VALUES ('NV-1268470024_375305014','youtube_comment','d059b43a3c15d1a6','[YouTube] 지옥 같은 주차장? 화곡심포니타워, 동양미래대학교','10시10분인데...사이드에 볼록거울이라니?..요거요거 캐딜락간지 떨어지게 뭔짓이여요~그냥 시원하게 긁읍시다..겁내지말고.초심찾즈아~~~!!!','https://www.youtube.com/watch?v=oWxht9L_NX0','@bluesky1135','2022-08-31',40,'2026-03-07 13:45:51','null','null');
INSERT OR IGNORE INTO crawled_reviews (parking_lot_id,source,source_id,title,content,source_url,author,published_at,relevance_score,crawled_at,summary,is_positive) VALUES ('KA-20563023','youtube_comment','d0d1cdeb21a182c0','[YouTube] 춘천특집) 아 사이드 미러를 긁어버렸네....하!!! 춘천 인성병원 , 스타벅스 춘천 온의점','무서운곳이네요 ㄷ ㄷ','https://www.youtube.com/watch?v=EKIabmoAs48','@lomi-k','2022-10-28',40,'2026-03-07 13:16:30','null','null');
INSERT OR IGNORE INTO crawled_reviews (parking_lot_id,source,source_id,title,content,source_url,author,published_at,relevance_score,crawled_at,summary,is_positive) VALUES ('KA-20563023','youtube_comment','d407ecc0c387dbda','[YouTube] 연석이 와 1M로 되어있으면ㅋㅋㅋ긁으라는거죠? 구로구 오퍼스1 지하주차장 에스컬레이드로 주차하기','오늘도 클릭해주셔서 시청해주셔서 감사합니다. 주차장 추천은 댓글로 꼭 부탁드립니다. 이메일하고 DM 확인 안해요! 좋아요! 눌러주셔서 항상 힘이 납니다. 협회원님들 감사합니다.','https://www.youtube.com/watch?v=FdFQiFAtJQA','@1010thtm','2023-10-10',50,'2026-03-07 13:16:30','null','null');
INSERT OR IGNORE INTO crawled_reviews (parking_lot_id,source,source_id,title,content,source_url,author,published_at,relevance_score,crawled_at,summary,is_positive) VALUES ('KA-20563023','youtube_comment','d4534a2463e9644d','[YouTube] 주차정산기, 여기 있네. 해보자!ju-cha-jeong-san-gi,yeo-gi in-ne. hae-bo-ja!','주차정산기, 여기 있네. 해보자!
ju-cha-jeong-san-gi,
yeo-gi in-ne. hae-bo-ja!

Here is the parking fee machine.
Let''s give it a try.','https://www.youtube.com/watch?v=-C5SfU5wd2M','@atomkorean','2023-06-16',30,'2026-03-07 13:16:30','null','null');
INSERT OR IGNORE INTO crawled_reviews (parking_lot_id,source,source_id,title,content,source_url,author,published_at,relevance_score,crawled_at,summary,is_positive) VALUES ('NV-1270533527_370804788','youtube_comment','d8e2f5e35da191fb','[YouTube] 공영주차장이 얼마나 빡세길래 차를 버리고 나와야 할까? 평택국제중앙시장 제2공영주차장','댓글에서 말씀드렸다시피 차가 많아야 빡세지는 주차장이에요... 텅텅 비어있으니 역시나 쉽게 통과하시네요','https://www.youtube.com/watch?v=AXsBVHDucxU','@tanjin0831','2025-09-02',30,'2026-03-07 13:45:21','null','null');
INSERT OR IGNORE INTO crawled_reviews (parking_lot_id,source,source_id,title,content,source_url,author,published_at,relevance_score,crawled_at,summary,is_positive) VALUES ('KA-20563023','youtube_comment','d93ae6df6166d08d','[YouTube] 수백 명의 지원자가 몰린 정규직! 주차관리원?!','나도 대기업 출신인데 이번에 주차관리원 지원해서 필기까지 합격함','https://www.youtube.com/watch?v=goUr_VTwKbs','@보릉봉봉','2025-01-22',30,'2026-03-07 13:16:30','null','null');
INSERT OR IGNORE INTO crawled_reviews (parking_lot_id,source,source_id,title,content,source_url,author,published_at,relevance_score,crawled_at,summary,is_positive) VALUES ('NV-1269749151_375637067','youtube_comment','dd3eac2b70d4fd3b','[YouTube] 🚫C커뮤니티, D동호회 최악의 주차장 1위! 서소문 시청역 한화빌딩 찢김주의 주차장 리뷰(feat.소확행)','설마했는데 멋모르고 초보때갔던 그곳이네요.... 소름돋습니다 울면서내려가 주차하고, 나올땐 지인에게 부탁해서 나왔어요ㅋㅋㅋㅋㅋ😭','https://www.youtube.com/watch?v=Tj3A0IokHSk','@만두-y3p','2021-08-14',30,'2026-03-07 13:45:13','null','null');
INSERT OR IGNORE INTO crawled_reviews (parking_lot_id,source,source_id,title,content,source_url,author,published_at,relevance_score,crawled_at,summary,is_positive) VALUES ('NV-1271320844_376009718','youtube_comment','de890f134a46c60a','[YouTube] (6탄) 대학병원 주차장이 이러면 어떻게 합니까?? 구리 한양대병원 지하주차장 / 제네시스 GV80 주차장 도전영상 #PTSD','이번에 한양대 주차장내려가면서 와빡쎈데 했는데 이런 영상이 있어서 신기하네요~','https://www.youtube.com/watch?v=ThhHrsX0aCk','@choi-y9c','2023-02-26',50,'2026-03-07 13:16:35','null','null');
INSERT OR IGNORE INTO crawled_reviews (parking_lot_id,source,source_id,title,content,source_url,author,published_at,relevance_score,crawled_at,summary,is_positive) VALUES ('NV-1271320844_376009718','youtube_comment','e03fb338ddbf065f','[YouTube] 역대급 추천수 무려 20명이 강력 추천한 구리 한양대 병원 주차장 이거 실화?','안녕하세여 구리 주민입니다 
엄마 운전경력 17년인대 나입원한날  스포티지 차도 입원해서  퇴원 하는날 목발짚고 엄마랑 택시타고감','https://www.youtube.com/watch?v=k2NH3yAzFZU','@카레백반맨','2024-11-05',30,'2026-03-07 13:16:35','null','null');
INSERT OR IGNORE INTO crawled_reviews (parking_lot_id,source,source_id,title,content,source_url,author,published_at,relevance_score,crawled_at,summary,is_positive) VALUES ('KA-492383927','youtube_comment','e17167c563d78fdd','[YouTube] [2021 WBSS-GY-2] 경기도 화성시 향남읍 삼성디지털프라자 발안점 현대엘리베이터 WBSS','현대만 유독 PI-D110 같이 도어 상단 층표시기를 신축에 편성하더군요. 차라리 저 OPP-D564 단일만 있는 게 더 깔끔하지 않았을까... 생각하게 되네요.','https://www.youtube.com/watch?v=U38UcZ5QhbQ','@GOLD_STAR03','2021-12-05',50,'2026-03-07 13:12:40','null','null');
INSERT OR IGNORE INTO crawled_reviews (parking_lot_id,source,source_id,title,content,source_url,author,published_at,relevance_score,crawled_at,summary,is_positive) VALUES ('NV-1272157670_375412772','youtube_comment','e2318e2f6b17bbfa','[YouTube] 주차장 도장 깨기 6탄! (신장동 현대 베스코아) 지하 주차장.','고양시 덕양구 화정동에 세이브존 주차장 추천드립니다.','https://www.youtube.com/watch?v=YPl6HBnw7OM','@Alucard001','2021-08-05',50,'2026-03-07 13:45:21','null','null');
INSERT OR IGNORE INTO crawled_reviews (parking_lot_id,source,source_id,title,content,source_url,author,published_at,relevance_score,crawled_at,summary,is_positive) VALUES ('NV-1267627931_376919190','youtube_comment','e39423e4dfacbf0e','[YouTube] 대구 동아백화점 수성점 본관 B5~9층 운행용 B구간 승객용호기 리모델링전 후지테크엘리베이터 탑사기(2016.01.05 촬영)','B2,4,6층은 무정차통과하며 9층은 에스컬레이터로 올라가야합니다.','https://www.youtube.com/watch?v=9kr_xEAciKE','@조선제일검-josun','2019-12-27',30,'2026-03-07 13:45:13','null','null');
INSERT OR IGNORE INTO crawled_reviews (parking_lot_id,source,source_id,title,content,source_url,author,published_at,relevance_score,crawled_at,summary,is_positive) VALUES ('KA-20563023','youtube_comment','e478115e793aaa13','[YouTube] 춘천특집) 아 사이드 미러를 긁어버렸네....하!!! 춘천 인성병원 , 스타벅스 춘천 온의점','오... 30분 정도전에 걸어가다가 운전하시는것 봤습니다..! 에스컬레이드 지나가길래 봤는데 운전석 창문이 열려있어 봤습니다.. 고척동에서.. 코스트코 오셨다가 가시는건가 ㅎㅎ 아무튼 혼자 반가웠네요..','https://www.youtube.com/watch?v=EKIabmoAs48','@yg2c','2022-10-24',30,'2026-03-07 13:16:30','null','null');
INSERT OR IGNORE INTO crawled_reviews (parking_lot_id,source,source_id,title,content,source_url,author,published_at,relevance_score,crawled_at,summary,is_positive) VALUES ('KA-20563023','youtube_comment','e5ab5b04f9305ee5','[YouTube] #791. 앞에서 딸이 사고나는 걸 본 어머니 #shorts','초록불일때 차 슬금슬금 나오는거 개화남','https://www.youtube.com/watch?v=elF3zSvMBDk','@user-ir4gc6fu4r','2022-05-04',30,'2026-03-07 13:16:30','null','null');
INSERT OR IGNORE INTO crawled_reviews (parking_lot_id,source,source_id,title,content,source_url,author,published_at,relevance_score,crawled_at,summary,is_positive) VALUES ('NV-1271320844_376009718','youtube_comment','e877618aedad779a','[YouTube] (6탄) 대학병원 주차장이 이러면 어떻게 합니까?? 구리 한양대병원 지하주차장 / 제네시스 GV80 주차장 도전영상 #PTSD','무슨병원 주차장이 발암물질 나오는 정말 건강에 해롭군요 경보음 소리도 스트레스','https://www.youtube.com/watch?v=ThhHrsX0aCk','@nabipool_party','2024-03-10',30,'2026-03-07 13:16:35','null','null');
INSERT OR IGNORE INTO crawled_reviews (parking_lot_id,source,source_id,title,content,source_url,author,published_at,relevance_score,crawled_at,summary,is_positive) VALUES ('NV-1270533527_370804788','youtube_comment','eb6a33974102daa2','[YouTube] 공영주차장이 얼마나 빡세길래 차를 버리고 나와야 할까? 평택국제중앙시장 제2공영주차장','만차일때 다시가주세요','https://www.youtube.com/watch?v=AXsBVHDucxU','@leekwangsu5327','2025-09-02',30,'2026-03-07 13:45:21','null','null');
INSERT OR IGNORE INTO crawled_reviews (parking_lot_id,source,source_id,title,content,source_url,author,published_at,relevance_score,crawled_at,summary,is_positive) VALUES ('NV-1272157670_375412772','youtube_comment','ec5536a51ffdfbac','[YouTube] 주차장 도장 깨기 6탄! (신장동 현대 베스코아) 지하 주차장.','입구부터 킹받네 싷발거. 주차장 킹받게 만들어놓고 모니터 설치해서 책임 회피하려는게 뻔히 보여서 더 킹받네 이옘비영.','https://www.youtube.com/watch?v=YPl6HBnw7OM','@MIN-q9f','2021-07-31',30,'2026-03-07 13:45:21','null','null');
INSERT OR IGNORE INTO crawled_reviews (parking_lot_id,source,source_id,title,content,source_url,author,published_at,relevance_score,crawled_at,summary,is_positive) VALUES ('KA-20563023','youtube_comment','ee2abe59bc9e2313','[YouTube] #791. 앞에서 딸이 사고나는 걸 본 어머니 #shorts','벼엉싄샊히 ㅋㅋㅋㅋㅋㅋㅋㅋㅋㅋ 댸갸리에 총맞아서 구멍뚫린채로 운전하니께 그러지 이해한다','https://www.youtube.com/watch?v=elF3zSvMBDk','@qkwqdkqdk','2022-02-22',30,'2026-03-07 13:16:30','null','null');
INSERT OR IGNORE INTO crawled_reviews (parking_lot_id,source,source_id,title,content,source_url,author,published_at,relevance_score,crawled_at,summary,is_positive) VALUES ('KA-20563023','youtube_comment','eeb1cb0b7f168a22','[YouTube] 수십 대 주차비 &#39;0원&#39; 기막힌 출차 수법 #shorts / KBS','진짜 더럽고 치사한 방법이다. 차주들한테 대행주차비 받고는 남의 주차장에 주차하고, 주차비는 안내고...벌 받았음 좋겠다','https://www.youtube.com/watch?v=kD29dzivnxA','@uhehe0111','2023-01-27',30,'2026-03-07 13:16:30','null','null');
INSERT OR IGNORE INTO crawled_reviews (parking_lot_id,source,source_id,title,content,source_url,author,published_at,relevance_score,crawled_at,summary,is_positive) VALUES ('NV-1269749151_375637067','youtube_comment','f0305f8aa235ccf9','[YouTube] 🚫C커뮤니티, D동호회 최악의 주차장 1위! 서소문 시청역 한화빌딩 찢김주의 주차장 리뷰(feat.소확행)','와~  어라운드 뷰 없으면  웬만한 운전자도 식은땀좀 흘리겠네요, 영상보면서도 가슴 졸이는 건 처음','https://www.youtube.com/watch?v=Tj3A0IokHSk','@sjoonkoh1315','2021-04-25',30,'2026-03-07 13:45:13','null','null');
INSERT OR IGNORE INTO crawled_reviews (parking_lot_id,source,source_id,title,content,source_url,author,published_at,relevance_score,crawled_at,summary,is_positive) VALUES ('NV-1272157670_375412772','youtube_comment','f100315faa8fde10','[YouTube] 주차장 도장 깨기 6탄! (신장동 현대 베스코아) 지하 주차장.','거하게 긁어줬으면 하고 바래봅니다','https://www.youtube.com/watch?v=YPl6HBnw7OM','@이얏호-w4q','2021-08-03',40,'2026-03-07 13:45:21','null','null');
INSERT OR IGNORE INTO crawled_reviews (parking_lot_id,source,source_id,title,content,source_url,author,published_at,relevance_score,crawled_at,summary,is_positive) VALUES ('NV-1271320844_376009718','youtube_comment','f27e3cc5df6ba499','[YouTube] 역대급 추천수 무려 20명이 강력 추천한 구리 한양대 병원 주차장 이거 실화?','진짜 층별 입구 살발하게 긁어놓았네 ㅋㅋㅋㅋ','https://www.youtube.com/watch?v=k2NH3yAzFZU','@휴지통-w5x','2024-11-05',40,'2026-03-07 13:16:35','null','null');
INSERT OR IGNORE INTO crawled_reviews (parking_lot_id,source,source_id,title,content,source_url,author,published_at,relevance_score,crawled_at,summary,is_positive) VALUES ('KA-20563023','youtube_comment','f65a316d5375f55e','[YouTube] 춘천특집) 아 사이드 미러를 긁어버렸네....하!!! 춘천 인성병원 , 스타벅스 춘천 온의점','팰리 몰면서 운전자뻑 늘어가고 있어서 에스컬레이드에 눈이 가고 있었는데 형님보고 없어졌습니다. 감사합니다 행님','https://www.youtube.com/watch?v=EKIabmoAs48','@wevenkenwe4912','2023-03-02',30,'2026-03-07 13:16:30','null','null');
INSERT OR IGNORE INTO crawled_reviews (parking_lot_id,source,source_id,title,content,source_url,author,published_at,relevance_score,crawled_at,summary,is_positive) VALUES ('NV-1271320844_376009718','youtube_comment','f6c04affc861288a','[YouTube] (6탄) 대학병원 주차장이 이러면 어떻게 합니까?? 구리 한양대병원 지하주차장 / 제네시스 GV80 주차장 도전영상 #PTSD','병원주차장에서 쓰러질듯 ㅜㅜ','https://www.youtube.com/watch?v=ThhHrsX0aCk','@wonwon9471','2021-10-02',30,'2026-03-07 13:16:35','null','null');
INSERT OR IGNORE INTO crawled_reviews (parking_lot_id,source,source_id,title,content,source_url,author,published_at,relevance_score,crawled_at,summary,is_positive) VALUES ('NV-1269855603_373953689','youtube_comment','f7aa9536762a74b9','[YouTube] 충돌위험! 후진으로 입차하라는 주차장?! 포레스타타워','다른것보다 브금하나 기가맥히게 빠져듭니다 ㅋㅋㅋ 진짜 인정받으셔야할만한 운전 실력이신듯합니다 ㅎㅎ

하루 마무리하면서 힐링하는 영상이에요
항상 감사합니다 조심운전하셔요 ㅋㅋ','https://www.youtube.com/watch?v=HYFHIGpiDUw','@도쇼리','2023-10-19',30,'2026-03-07 13:45:51','null','null');
INSERT OR IGNORE INTO crawled_reviews (parking_lot_id,source,source_id,title,content,source_url,author,published_at,relevance_score,crawled_at,summary,is_positive) VALUES ('NV-1270533527_370804788','youtube_comment','fa9aad2879aac213','[YouTube] 공영주차장이 얼마나 빡세길래 차를 버리고 나와야 할까? 평택국제중앙시장 제2공영주차장','여긴 다시 가주세요 ㅋㅋㅋㅋ 내려오는 차들이랑 아이컨택도 해주세요','https://www.youtube.com/watch?v=AXsBVHDucxU','@정지수-e3s','2025-09-02',30,'2026-03-07 13:45:21','null','null');
INSERT OR IGNORE INTO crawled_reviews (parking_lot_id,source,source_id,title,content,source_url,author,published_at,relevance_score,crawled_at,summary,is_positive) VALUES ('KA-20516447','youtube_comment','fab357a082cd826f','[YouTube] 파스텔시티 주차장 출입구 문제 있어? 땅을 잘 못 파서 출입구가 S자가 됐지만 주차해 보겠습니다!','진짜 운전 잘하셔
운전 실력 문제없음요😉','https://www.youtube.com/watch?v=8_P393MdyMk','@junglim0829','2020-08-05',30,'2026-03-07 13:13:32','null','null');
INSERT OR IGNORE INTO crawled_reviews (parking_lot_id,source,source_id,title,content,source_url,author,published_at,relevance_score,crawled_at,summary,is_positive) VALUES ('KA-20563023','youtube_comment','fd0fa8cef5db0885','[YouTube] 주차하려다 식당 돌진…신호대기 추돌 뒤 도주 (2021.04.17/뉴스투데이/MBC)','차버리고 도망간건 100프로 음주운전이다','https://www.youtube.com/watch?v=g6nD3hXIM1o','@ideakim3323','2021-04-17',30,'2026-03-07 13:16:30','null','null');
INSERT OR IGNORE INTO crawled_reviews (parking_lot_id,source,source_id,title,content,source_url,author,published_at,relevance_score,crawled_at,summary,is_positive) VALUES ('NV-1270516135_375056900','youtube_comment','fdc25683066e85bd','[YouTube] 주차장에서 크게 돌다가 타스만 긁었습니다. 강남 L7 호텔','새차 185km 탈동안 주차장만 다녓다는게 레전드...','https://www.youtube.com/watch?v=CGuMy4orZIE','@0xff00_0','2025-08-17',30,'2026-03-07 13:45:51','null','null');
INSERT OR IGNORE INTO crawled_reviews (parking_lot_id,source,source_id,title,content,source_url,author,published_at,relevance_score,crawled_at,summary,is_positive) VALUES ('NV-1269643862_375342322','youtube_comment','ff232362aca1446e','[YouTube] [남구준완][한글날 특집 영상-1] 잠원한신아파트 경광등, 주차장 내부 모음','잠원한신아파트 주차장 안내: 
P1: 남자 + 여자 본인 형제자매 - 잠원한신아파트 1동 + 2동 
P2: 어머니 + 아버지 형제자매 - 잠원한신아파트 3동 + 4동 
P3: 할아버지 + 할머니 - 잠원한신아파트 5동 + 6동 + 7동','https://www.youtube.com/watch?v=SthMuZUA7Ds','@성우진-k3l','2025-08-24',30,'2026-03-07 13:45:51','null','null');
INSERT OR IGNORE INTO reviews (parking_lot_id,entry_score,space_score,passage_score,exit_score,overall_score,comment,visited_at,created_at,user_id,guest_nickname,ip_hash,is_seed) VALUES ('138-4-000066',1,1,1,1,1,'좁은 지하 구조로 인한 운전 난이도가 높습니다. 제한된 공간에서 운전 스트레스가 크며, 후기에서 확인된 과도한 보행자 충돌 및 갈등 사례로 보아 주차장 이용객들의 교통 예절이 좋지 않은 편입니다. 초보운전자에게는 강력히 비추천합니다.','null','2026-03-07 13:17:17','null','null','null',1);
INSERT OR IGNORE INTO reviews (parking_lot_id,entry_score,space_score,passage_score,exit_score,overall_score,comment,visited_at,created_at,user_id,guest_nickname,ip_hash,is_seed) VALUES ('KA-20516447',1,1,1,1,1,'운전면허 굴절코스 수준의 극도로 좁은 설계입니다. 출입구가 S자 형태로 경사로 진입이 어렵고, 커브 구간의 연석이 매우 위험합니다. 초보운전자는 강력히 비추천하며, 경험이 많은 운전자도 신중한 조작이 필요합니다.','null','2026-03-07 13:17:00','null','null','null',1);
INSERT OR IGNORE INTO reviews (parking_lot_id,entry_score,space_score,passage_score,exit_score,overall_score,comment,visited_at,created_at,user_id,guest_nickname,ip_hash,is_seed) VALUES ('KA-20563023',1,1,1,1,1,'극도로 좁은 진입로와 통로로 인해 초보운전자에게 매우 위험합니다. 사이드미러 손상, 연석 긁힘, 후진 시 뒷차 압박 등 다중 위험요소가 있습니다. 큼직한 차량이나 초보운전자는 반드시 피해야 하며, 경험 많은 운전자도 신중한 조작이 필요합니다.','null','2026-03-07 13:16:55','null','null','null',1);
INSERT OR IGNORE INTO reviews (parking_lot_id,entry_score,space_score,passage_score,exit_score,overall_score,comment,visited_at,created_at,user_id,guest_nickname,ip_hash,is_seed) VALUES ('KA-492383927',1,1,1,1,1,'역대급 난이도의 헬 주차장입니다. 연석 휠 손상이 빈번하게 보고되고 있어 초보운전자는 피하시기를 강력히 권장합니다. 진입로부터 주차면, 통로 전반에 걸쳐 매우 협소하고 복잡한 구조로 판단됩니다. 경험 많은 운전자도 조심스러워하는 수준입니다.','null','2026-03-07 13:17:27','null','null','null',1);
INSERT OR IGNORE INTO reviews (parking_lot_id,entry_score,space_score,passage_score,exit_score,overall_score,comment,visited_at,created_at,user_id,guest_nickname,ip_hash,is_seed) VALUES ('NV-1267337295_375080801',1,1,1,1,1,'제공된 후기는 주차장 난이도와 무관한 아파트 선택 상담 내용입니다. 주차장 특성에 대한 구체적 정보가 없어 평가 불가능하나, ''극악 난이도'' 큐레이션 사유와 ''hell 주차장'' 태그를 고려할 때 초보운전자에게 강력히 비추천합니다.','null','2026-03-07 13:46:50','null','null','null',1);
INSERT OR IGNORE INTO reviews (parking_lot_id,entry_score,space_score,passage_score,exit_score,overall_score,comment,visited_at,created_at,user_id,guest_nickname,ip_hash,is_seed) VALUES ('NV-1268470024_375305014',1,1,1,1,1,'극도로 좁은 진입로와 직각 구조로 인해 초보운전자는 피해야 합니다. 사이드 미러 손상 위험이 크고, 큰 차량(SUV 등)은 진입 자체가 어렵습니다. 숙련된 운전자도 신중함이 필요한 수준입니다.','null','2026-03-07 13:46:35','null','null','null',1);
INSERT OR IGNORE INTO reviews (parking_lot_id,entry_score,space_score,passage_score,exit_score,overall_score,comment,visited_at,created_at,user_id,guest_nickname,ip_hash,is_seed) VALUES ('NV-1268767457_375321777',1,1,1,1,1,'극악난이도 주차장으로 초보운전자에게 강력히 비추천합니다. 주차면이 매우 좁아 평행주차가 어렵고, 통로 폭이 협소합니다. 출차 시 일방통행 구조로 인한 혼잡이 발생하며, 보행자와 자전거 통행이 많아 주의가 필요합니다. 피할 수 있다면 다른 주차장 이용을 권장합니다.','null','2026-03-07 13:46:25','null','null','null',1);
INSERT OR IGNORE INTO reviews (parking_lot_id,entry_score,space_score,passage_score,exit_score,overall_score,comment,visited_at,created_at,user_id,guest_nickname,ip_hash,is_seed) VALUES ('NV-1269749151_375637067',1,1,1,1,1,'1979년 건설된 건물로 당시 소형차 기준으로 설계되어 현대 차량에는 매우 좁습니다. 진입로와 통로 모두 협소하여 초보운전자는 접근 불가 수준입니다. 벤틀리 같은 대형차는 물론 일반 중형차도 진입 및 주차에 심각한 어려움이 예상됩니다.','null','2026-03-07 13:46:46','null','null','null',1);
INSERT OR IGNORE INTO reviews (parking_lot_id,entry_score,space_score,passage_score,exit_score,overall_score,comment,visited_at,created_at,user_id,guest_nickname,ip_hash,is_seed) VALUES ('NV-1269855603_373953689',1,1,1,1,1,'충돌위험이 높은 매우 어려운 주차장입니다. 후진 입차를 권장할 정도로 진입로나 주차 공간이 협소하고 복잡한 것으로 보입니다. 초보운전자는 피하시기를 강력 권장합니다.','null','2026-03-07 13:46:55','null','null','null',1);
INSERT OR IGNORE INTO reviews (parking_lot_id,entry_score,space_score,passage_score,exit_score,overall_score,comment,visited_at,created_at,user_id,guest_nickname,ip_hash,is_seed) VALUES ('NV-1270451516_372595860',2,2,2,2,2,'역대급 경사도의 급경사 진입 및 하강이 특징입니다. 후기에서 ''진짜 힘들다''는 평가가 있으며, 반경이 좁게 설계되어 있어 초보운전자에게 어렵습니다. 숙련된 운전 실력이 필요한 헬 주차장이므로 피하기를 권장합니다.','null','2026-03-07 13:46:41','null','null','null',1);
INSERT OR IGNORE INTO reviews (parking_lot_id,entry_score,space_score,passage_score,exit_score,overall_score,comment,visited_at,created_at,user_id,guest_nickname,ip_hash,is_seed) VALUES ('NV-1270516135_375056900',1,1,1,1,1,'강남 L7호텔 주차장은 초보운전자에게 매우 위험합니다. 좁은 회전 공간으로 인해 차량 손상 사고가 빈번하게 발생하며, 큰 차량(SUV 등)은 특히 주의가 필요합니다. 회전 시 차체 긁힘 위험이 높으므로 피하는 것을 강력히 추천합니다.','null','2026-03-07 13:46:21','null','null','null',1);
INSERT OR IGNORE INTO reviews (parking_lot_id,entry_score,space_score,passage_score,exit_score,overall_score,comment,visited_at,created_at,user_id,guest_nickname,ip_hash,is_seed) VALUES ('NV-1270533527_370804788',1,1,1,1,1,'초보운전자 절대 비추천. 좁은 회전반경에서 올라가는 차와 내려가는 차가 섞여 있어 핸들 조작이 매우 어렵습니다. 주말 만차 시간대는 주차관리원이 없을 경우 지옥 같은 상황이 발생합니다. 큰 차량은 긁힐 위험이 높으니 피하세요.','null','2026-03-07 13:46:31','null','null','null',1);
INSERT OR IGNORE INTO reviews (parking_lot_id,entry_score,space_score,passage_score,exit_score,overall_score,comment,visited_at,created_at,user_id,guest_nickname,ip_hash,is_seed) VALUES ('NV-1271320844_376009718',1,1,1,1,1,'지하주차장 진입로와 내부 통로가 매우 좁아 초보운전자에게 강력 비추천합니다. 차량 크기가 조금만 커도 진입 및 주차 중 범퍼 손상 위험이 높습니다. 실제 이용자들이 차량 긁힘 사례를 보고했으므로 안전한 다른 주차장 이용을 권장합니다.','null','2026-03-07 13:16:51','null','null','null',1);
INSERT OR IGNORE INTO reviews (parking_lot_id,entry_score,space_score,passage_score,exit_score,overall_score,comment,visited_at,created_at,user_id,guest_nickname,ip_hash,is_seed) VALUES ('NV-1272157670_375412772',1,1,1,1,1,'초보운전자 강력 비추천. 진입/출차 경로가 복잡하고 특히 출차 시 우회전 후 좁은 구간에서 회전해야 하는 구간이 있어 벽 충돌 위험 높음. 지하층 통로가 좁아 사이드미러 긁힘 사례 다수. 운전 경험이 충분할 때까지 피하는 것 권장.','null','2026-03-07 13:46:14','null','null','null',1);